external_id,created_at,total,customer_id,is_repeat,utm_campaign
seed-order-0587,2026-08-10T13:26:49Z,42.67,seed-customer-0154,false,google_brand_search
seed-order-1227,2026-08-26T14:19:06Z,29.8,seed-customer-0110,false,klaviyo_welcome_flow
seed-order-0539,2026-08-10T19:34:19Z,31.39,seed-customer-0981,false,klaviyo_welcome_flow
seed-order-0068,2026-08-24T03:09:36Z,29.04,seed-customer-0342,true,meta_retargeting
seed-order-0708,2026-08-10T10:04:47Z,23.97,seed-customer-0879,false,meta_prospecting
seed-order-1246,2026-08-02T19:31:29Z,24.83,seed-customer-0965,false,meta_retargeting
seed-order-0705,2026-08-12T08:31:23Z,17.15,seed-customer-0951,false,meta_prospecting
seed-order-0744,2026-08-28T09:49:28Z,36.18,seed-customer-0959,false,meta_retargeting
seed-order-0336,2026-08-24T02:09:40Z,28.83,seed-customer-0128,false,google_brand_search
seed-order-0308,2026-08-12T12:04:50Z,32.92,seed-customer-0073,false,meta_prospecting
seed-order-0759,2026-08-19T12:54:57Z,38.52,seed-customer-0497,false,meta_prospecting
seed-order-0853,2026-08-24T22:15:37Z,31.06,seed-customer-0015,false,meta_retargeting
seed-order-0179,2026-08-06T21:22:06Z,18.9,seed-customer-0939,true,meta_retargeting
seed-order-0266,2026-08-09T23:38:35Z,39.19,seed-customer-0380,true,meta_prospecting
seed-order-1069,2026-08-05T04:08:45Z,28.57,seed-customer-0492,false,google_brand_search
seed-order-1133,2026-08-13T12:17:23Z,29.3,seed-customer-0682,false,meta_prospecting
seed-order-0859,2026-08-05T03:28:19Z,32.44,seed-customer-0657,false,meta_prospecting
seed-order-0055,2026-08-22T15:21:37Z,22.56,seed-customer-0197,true,
seed-order-0774,2026-08-05T07:56:33Z,27.24,seed-customer-0943,false,
seed-order-0401,2026-08-29T22:54:01Z,31.23,seed-customer-0927,false,google_brand_search
seed-order-0404,2026-08-11T02:40:08Z,16.88,seed-customer-0198,false,meta_retargeting
seed-order-0743,2026-08-09T20:06:33Z,35.79,seed-customer-0400,false,meta_retargeting
seed-order-0332,2026-08-11T07:14:53Z,35.05,seed-customer-0213,false,klaviyo_welcome_flow
seed-order-0507,2026-08-06T12:21:48Z,31.7,seed-customer-0082,false,meta_prospecting
seed-order-1124,2026-08-27T16:17:08Z,21.03,seed-customer-0300,false,meta_prospecting
seed-order-0151,2026-08-06T01:38:21Z,33.0,seed-customer-0091,true,meta_prospecting
seed-order-0375,2026-08-12T18:51:55Z,33.53,seed-customer-0760,false,meta_prospecting
seed-order-1237,2026-08-11T03:08:08Z,29.2,seed-customer-0326,false,meta_retargeting
seed-order-1210,2026-08-26T16:58:55Z,16.12,seed-customer-0096,false,klaviyo_welcome_flow
seed-order-1055,2026-08-19T05:05:32Z,46.45,seed-customer-0532,false,google_brand_search
seed-order-1244,2026-08-30T04:23:39Z,21.09,seed-customer-0026,false,
seed-order-0981,2026-08-18T17:21:59Z,30.02,seed-customer-0885,false,meta_prospecting
seed-order-0457,2026-08-13T21:12:34Z,29.88,seed-customer-1000,false,meta_prospecting
seed-order-0651,2026-08-05T06:13:54Z,30.08,seed-customer-0562,false,google_brand_search
seed-order-0856,2026-08-03T07:01:54Z,27.9,seed-customer-0836,false,google_brand_search
seed-order-1205,2026-08-05T15:26:09Z,39.06,seed-customer-0344,false,meta_prospecting
seed-order-0722,2026-08-15T05:46:12Z,20.56,seed-customer-0984,false,meta_retargeting
seed-order-1095,2026-08-26T11:41:14Z,21.86,seed-customer-0017,false,google_brand_search
seed-order-0036,2026-08-09T18:38:23Z,25.94,seed-customer-0404,true,
seed-order-0739,2026-08-28T19:22:11Z,41.17,seed-customer-0610,false,meta_prospecting
seed-order-0253,2026-08-14T04:34:22Z,10.48,seed-customer-0850,true,meta_retargeting
seed-order-0763,2026-08-11T21:01:49Z,20.57,seed-customer-0140,false,meta_retargeting
seed-order-0529,2026-08-09T23:43:32Z,23.85,seed-customer-0915,false,
seed-order-0893,2026-08-20T04:07:40Z,33.85,seed-customer-0892,false,meta_prospecting
seed-order-0608,2026-08-09T11:01:18Z,42.87,seed-customer-0592,false,meta_prospecting
seed-order-0881,2026-08-20T07:42:16Z,26.69,seed-customer-0052,false,meta_prospecting
seed-order-0290,2026-08-17T10:18:03Z,28.28,seed-customer-0620,false,google_brand_search
seed-order-0693,2026-08-09T17:03:24Z,45.24,seed-customer-0644,false,meta_retargeting
seed-order-0142,2026-08-18T04:57:13Z,34.19,seed-customer-0131,true,meta_prospecting
seed-order-0319,2026-08-23T15:51:36Z,30.42,seed-customer-0180,false,google_brand_search
seed-order-0517,2026-08-09T20:41:37Z,42.06,seed-customer-0011,false,meta_retargeting
seed-order-0795,2026-08-16T01:42:05Z,23.74,seed-customer-0717,false,meta_retargeting
seed-order-0070,2026-08-15T15:10:29Z,34.55,seed-customer-0665,true,meta_prospecting
seed-order-0302,2026-08-18T13:26:24Z,35.97,seed-customer-0109,false,klaviyo_welcome_flow
seed-order-0207,2026-08-03T06:05:43Z,41.4,seed-customer-0975,true,google_brand_search
seed-order-1243,2026-08-10T13:29:26Z,17.68,seed-customer-0251,false,klaviyo_welcome_flow
seed-order-0813,2026-08-11T14:18:33Z,35.17,seed-customer-0835,false,google_brand_search
seed-order-0024,2026-08-23T13:58:54Z,26.66,seed-customer-0710,true,google_brand_search
seed-order-0947,2026-08-07T22:27:43Z,18.04,seed-customer-0688,false,meta_retargeting
seed-order-0515,2026-08-12T22:20:01Z,21.98,seed-customer-0041,false,google_brand_search
seed-order-0573,2026-08-08T13:04:00Z,35.62,seed-customer-0498,false,
seed-order-1173,2026-08-07T05:15:53Z,25.12,seed-customer-0700,false,meta_retargeting
seed-order-0926,2026-08-22T14:20:09Z,30.37,seed-customer-0521,false,meta_retargeting
seed-order-0659,2026-08-01T13:49:45Z,48.07,seed-customer-0210,false,meta_prospecting
seed-order-0840,2026-08-14T12:38:43Z,27.24,seed-customer-0547,false,
seed-order-0606,2026-08-15T09:39:09Z,34.93,seed-customer-0758,false,meta_prospecting
seed-order-0374,2026-08-10T02:10:28Z,26.64,seed-customer-0353,false,meta_prospecting
seed-order-0706,2026-08-26T18:29:08Z,35.88,seed-customer-0144,false,meta_prospecting
seed-order-1073,2026-08-07T08:46:51Z,29.83,seed-customer-0729,false,google_brand_search
seed-order-0145,2026-08-01T23:55:15Z,15.8,seed-customer-0924,true,meta_prospecting
seed-order-0085,2026-08-09T13:55:28Z,41.77,seed-customer-0947,true,meta_prospecting
seed-order-0671,2026-08-30T15:29:03Z,33.9,seed-customer-0749,false,meta_retargeting
seed-order-1021,2026-08-26T04:41:39Z,26.85,seed-customer-0565,false,meta_prospecting
seed-order-1217,2026-08-04T17:37:21Z,35.63,seed-customer-0473,false,meta_prospecting
seed-order-1098,2026-08-28T20:34:41Z,33.69,seed-customer-0690,false,meta_prospecting
seed-order-0285,2026-08-09T17:51:37Z,29.7,seed-customer-0127,true,meta_retargeting
seed-order-0944,2026-08-27T14:44:15Z,31.95,seed-customer-0467,false,meta_prospecting
seed-order-1292,2026-08-17T21:35:48Z,26.75,seed-customer-0222,false,klaviyo_welcome_flow
seed-order-0186,2026-08-02T18:19:00Z,28.28,seed-customer-0326,true,meta_retargeting
seed-order-0920,2026-08-02T02:25:19Z,31.79,seed-customer-0490,false,google_brand_search
seed-order-0090,2026-08-10T03:02:36Z,34.89,seed-customer-0919,true,klaviyo_welcome_flow
seed-order-0868,2026-08-12T16:46:06Z,48.45,seed-customer-0218,false,
seed-order-0017,2026-08-13T19:19:33Z,38.23,seed-customer-0134,true,klaviyo_welcome_flow
seed-order-1040,2026-08-23T11:06:32Z,29.83,seed-customer-0543,false,meta_retargeting
seed-order-0256,2026-08-19T07:59:14Z,39.54,seed-customer-0291,true,meta_prospecting
seed-order-0220,2026-08-16T10:46:00Z,27.85,seed-customer-0065,true,google_brand_search
seed-order-1067,2026-08-07T13:28:30Z,24.49,seed-customer-0839,false,google_brand_search
seed-order-1036,2026-08-15T02:37:39Z,50.48,seed-customer-0047,false,google_brand_search
seed-order-0399,2026-08-14T15:32:14Z,39.75,seed-customer-0983,false,
seed-order-0679,2026-08-11T14:44:44Z,30.56,seed-customer-0940,false,google_brand_search
seed-order-0219,2026-08-01T01:16:34Z,36.79,seed-customer-0287,true,google_brand_search
seed-order-1027,2026-08-03T23:16:53Z,40.89,seed-customer-0747,false,meta_prospecting
seed-order-0645,2026-08-16T14:59:10Z,34.7,seed-customer-0793,false,google_brand_search
seed-order-1164,2026-08-28T14:20:45Z,30.23,seed-customer-0436,false,meta_retargeting
seed-order-0912,2026-08-24T04:14:22Z,40.79,seed-customer-0147,false,meta_retargeting
seed-order-0524,2026-08-03T02:48:20Z,28.1,seed-customer-0415,false,meta_prospecting
seed-order-0131,2026-08-04T14:06:22Z,23.89,seed-customer-0723,true,google_brand_search
seed-order-0797,2026-08-21T00:45:38Z,31.59,seed-customer-0062,false,
seed-order-0594,2026-08-03T10:17:09Z,19.33,seed-customer-0741,false,meta_prospecting
seed-order-0535,2026-08-12T17:05:35Z,20.08,seed-customer-0241,false,google_brand_search
seed-order-0471,2026-08-15T18:29:41Z,30.69,seed-customer-0379,false,meta_prospecting
seed-order-0310,2026-08-22T07:36:24Z,35.18,seed-customer-0781,false,meta_prospecting
seed-order-1083,2026-08-26T01:51:34Z,36.03,seed-customer-0556,false,meta_retargeting
seed-order-0454,2026-08-13T09:40:06Z,25.78,seed-customer-0619,false,
seed-order-0075,2026-08-04T20:39:31Z,21.02,seed-customer-0124,true,
seed-order-1135,2026-08-10T03:52:50Z,30.73,seed-customer-0883,false,klaviyo_welcome_flow
seed-order-1163,2026-08-18T01:09:11Z,42.09,seed-customer-0952,false,klaviyo_welcome_flow
seed-order-1281,2026-08-28T01:29:56Z,24.04,seed-customer-0639,false,meta_prospecting
seed-order-0547,2026-08-11T22:37:52Z,29.16,seed-customer-0732,false,meta_prospecting
seed-order-1092,2026-08-22T10:23:08Z,22.11,seed-customer-0550,false,
seed-order-0842,2026-08-05T07:11:12Z,32.26,seed-customer-0765,false,meta_prospecting
seed-order-0122,2026-08-03T21:34:09Z,42.89,seed-customer-0320,true,meta_retargeting
seed-order-0489,2026-08-11T21:17:59Z,42.86,seed-customer-0599,false,meta_prospecting
seed-order-0361,2026-08-25T13:18:31Z,51.64,seed-customer-0992,false,meta_retargeting
seed-order-0984,2026-08-18T00:37:25Z,18.43,seed-customer-0227,false,klaviyo_welcome_flow
seed-order-0511,2026-08-06T12:11:28Z,19.69,seed-customer-0424,false,meta_prospecting
seed-order-0421,2026-08-05T15:50:49Z,29.19,seed-customer-0190,false,google_brand_search
seed-order-0595,2026-08-16T19:12:08Z,29.56,seed-customer-0392,false,google_brand_search
seed-order-0105,2026-08-15T05:50:48Z,31.73,seed-customer-0976,true,meta_retargeting
seed-order-0423,2026-08-21T13:26:45Z,31.68,seed-customer-0615,false,meta_prospecting
seed-order-1118,2026-08-26T01:48:21Z,26.07,seed-customer-0562,false,meta_prospecting
seed-order-0368,2026-08-19T16:11:00Z,34.39,seed-customer-0326,false,meta_prospecting
seed-order-1054,2026-08-01T07:50:13Z,43.57,seed-customer-0508,false,klaviyo_welcome_flow
seed-order-0559,2026-08-13T23:57:17Z,41.56,seed-customer-0452,false,meta_prospecting
seed-order-0120,2026-08-19T12:57:02Z,36.03,seed-customer-1013,true,google_brand_search
seed-order-0602,2026-08-19T02:59:13Z,12.31,seed-customer-0459,false,
seed-order-1242,2026-08-18T08:26:54Z,34.06,seed-customer-0542,false,meta_prospecting
seed-order-0267,2026-08-28T14:58:10Z,25.34,seed-customer-0543,true,
seed-order-0771,2026-08-27T06:47:37Z,32.43,seed-customer-0069,false,meta_retargeting
seed-order-0887,2026-08-19T19:39:00Z,52.51,seed-customer-0488,false,meta_prospecting
seed-order-1204,2026-08-10T11:50:31Z,48.62,seed-customer-0002,false,meta_retargeting
seed-order-0296,2026-08-01T05:34:32Z,17.14,seed-customer-0869,false,google_brand_search
seed-order-1043,2026-08-13T12:07:42Z,21.15,seed-customer-0093,false,google_brand_search
seed-order-0329,2026-08-24T15:25:06Z,30.93,seed-customer-0156,false,google_brand_search
seed-order-1260,2026-08-16T17:40:16Z,40.69,seed-customer-0335,false,
seed-order-1000,2026-08-13T14:34:26Z,21.48,seed-customer-0818,false,
seed-order-1286,2026-08-25T15:33:26Z,29.65,seed-customer-0683,false,
seed-order-1061,2026-08-09T06:32:23Z,43.04,seed-customer-0130,false,meta_prospecting
seed-order-0686,2026-08-01T21:55:31Z,39.11,seed-customer-0062,false,
seed-order-0127,2026-08-18T19:48:53Z,23.05,seed-customer-0690,true,meta_prospecting
seed-order-0174,2026-08-12T14:32:21Z,22.53,seed-customer-0920,true,klaviyo_welcome_flow
seed-order-1162,2026-08-23T12:04:14Z,38.74,seed-customer-0352,false,meta_prospecting
seed-order-0031,2026-08-13T11:23:21Z,45.18,seed-customer-0610,true,meta_retargeting
seed-order-0276,2026-08-24T07:09:25Z,31.77,seed-customer-0421,true,google_brand_search
seed-order-1236,2026-08-29T14:11:46Z,29.88,seed-customer-0522,false,google_brand_search
seed-order-0011,2026-08-22T15:06:27Z,16.33,seed-customer-0301,true,
seed-order-0043,2026-08-06T23:10:32Z,34.0,seed-customer-0452,true,google_brand_search
seed-order-0578,2026-08-25T09:01:19Z,33.27,seed-customer-0528,false,
seed-order-0964,2026-08-12T19:54:51Z,24.68,seed-customer-1009,false,meta_retargeting
seed-order-0603,2026-08-15T00:20:06Z,19.47,seed-customer-0625,false,
seed-order-1158,2026-08-06T13:29:20Z,32.68,seed-customer-0915,false,klaviyo_welcome_flow
seed-order-0047,2026-08-10T09:41:55Z,26.05,seed-customer-0364,true,klaviyo_welcome_flow
seed-order-0032,2026-08-06T06:10:40Z,36.73,seed-customer-0731,true,
seed-order-1002,2026-08-12T05:13:29Z,25.39,seed-customer-0910,false,meta_prospecting
seed-order-1263,2026-08-13T12:18:17Z,13.2,seed-customer-0369,false,meta_prospecting
seed-order-0371,2026-08-02T19:53:13Z,36.24,seed-customer-0156,false,meta_prospecting
seed-order-1187,2026-08-11T23:33:32Z,31.18,seed-customer-0529,false,meta_prospecting
seed-order-0168,2026-08-30T05:17:28Z,29.32,seed-customer-0552,true,meta_prospecting
seed-order-0777,2026-08-15T18:37:42Z,26.78,seed-customer-0465,false,meta_retargeting
seed-order-0721,2026-08-30T11:01:28Z,18.84,seed-customer-0138,false,meta_prospecting
seed-order-1269,2026-08-26T16:15:15Z,21.76,seed-customer-0930,false,klaviyo_welcome_flow
seed-order-0314,2026-08-09T16:47:21Z,25.94,seed-customer-0084,false,
seed-order-0162,2026-08-28T13:51:19Z,19.03,seed-customer-0383,true,google_brand_search
seed-order-0973,2026-08-06T16:24:45Z,23.99,seed-customer-0006,false,meta_retargeting
seed-order-0137,2026-08-03T23:21:30Z,32.9,seed-customer-0423,true,google_brand_search
seed-order-0896,2026-08-04T09:44:17Z,41.14,seed-customer-0313,false,google_brand_search
seed-order-1045,2026-08-29T09:30:56Z,29.47,seed-customer-0696,false,klaviyo_welcome_flow
seed-order-1161,2026-08-27T04:56:55Z,39.49,seed-customer-0802,false,google_brand_search
seed-order-0629,2026-08-14T21:34:13Z,26.12,seed-customer-0849,false,klaviyo_welcome_flow
seed-order-0392,2026-08-21T17:27:44Z,36.65,seed-customer-0113,false,klaviyo_welcome_flow
seed-order-0847,2026-08-23T07:20:09Z,33.24,seed-customer-0608,false,meta_retargeting
seed-order-0899,2026-08-30T20:54:15Z,33.51,seed-customer-0665,false,meta_prospecting
seed-order-0532,2026-08-02T02:31:32Z,21.57,seed-customer-0002,false,meta_retargeting
seed-order-0913,2026-08-26T06:58:29Z,33.49,seed-customer-0605,false,meta_prospecting
seed-order-1241,2026-08-14T12:34:43Z,29.29,seed-customer-0021,false,google_brand_search
seed-order-1024,2026-08-06T08:53:19Z,40.41,seed-customer-0987,false,meta_retargeting
seed-order-0369,2026-08-05T01:43:39Z,26.94,seed-customer-0265,false,
seed-order-0107,2026-08-07T01:58:52Z,32.4,seed-customer-0563,true,meta_retargeting
seed-order-1179,2026-08-12T03:03:02Z,27.47,seed-customer-0979,false,google_brand_search
seed-order-0413,2026-08-15T17:11:16Z,28.67,seed-customer-0476,false,klaviyo_welcome_flow
seed-order-0484,2026-08-14T21:47:15Z,31.07,seed-customer-0077,false,google_brand_search
seed-order-0822,2026-08-11T10:15:19Z,25.07,seed-customer-0822,false,klaviyo_welcome_flow
seed-order-1138,2026-08-17T21:29:14Z,43.01,seed-customer-0187,false,
seed-order-0811,2026-08-05T19:55:09Z,26.33,seed-customer-0775,false,
seed-order-0156,2026-08-27T02:14:50Z,32.06,seed-customer-0654,true,meta_prospecting
seed-order-1012,2026-08-01T05:53:08Z,28.29,seed-customer-0571,false,klaviyo_welcome_flow
seed-order-0682,2026-08-11T10:12:02Z,23.19,seed-customer-0227,false,
seed-order-0736,2026-08-03T00:45:14Z,44.76,seed-customer-0387,false,meta_prospecting
seed-order-0096,2026-08-12T08:27:44Z,18.36,seed-customer-0796,true,meta_prospecting
seed-order-0818,2026-08-01T17:15:01Z,37.5,seed-customer-0720,false,
seed-order-0620,2026-08-06T12:48:46Z,33.25,seed-customer-0586,false,meta_retargeting
seed-order-0891,2026-08-20T02:28:45Z,25.59,seed-customer-0082,false,
seed-order-1206,2026-08-09T04:04:00Z,39.91,seed-customer-1009,false,meta_prospecting
seed-order-0377,2026-08-18T07:50:07Z,35.56,seed-customer-0330,false,
seed-order-0508,2026-08-08T23:58:05Z,35.43,seed-customer-0836,false,meta_prospecting
seed-order-0960,2026-08-29T11:47:36Z,23.41,seed-customer-0726,false,meta_retargeting
seed-order-0071,2026-08-09T01:39:37Z,30.32,seed-customer-0036,true,
seed-order-0903,2026-08-30T19:09:34Z,33.88,seed-customer-0703,false,klaviyo_welcome_flow
seed-order-0807,2026-08-08T12:20:28Z,27.21,seed-customer-0380,false,
seed-order-0890,2026-08-30T13:07:43Z,32.58,seed-customer-0794,false,meta_retargeting
seed-order-0757,2026-08-10T00:43:39Z,39.53,seed-customer-0467,false,meta_prospecting
seed-order-0069,2026-08-21T14:41:36Z,33.05,seed-customer-0441,true,
seed-order-1031,2026-08-27T12:18:15Z,31.89,seed-customer-0329,false,meta_retargeting
seed-order-0746,2026-08-07T12:21:30Z,40.58,seed-customer-0684,false,klaviyo_welcome_flow
seed-order-0166,2026-08-03T09:03:06Z,22.36,seed-customer-0371,true,meta_prospecting
seed-order-0638,2026-08-03T11:27:52Z,25.6,seed-customer-0612,false,meta_prospecting
seed-order-0363,2026-08-02T02:18:04Z,15.5,seed-customer-0179,false,meta_retargeting
seed-order-0224,2026-08-21T06:35:36Z,35.96,seed-customer-0719,true,google_brand_search
seed-order-0711,2026-08-26T02:55:12Z,24.93,seed-customer-0458,false,klaviyo_welcome_flow
seed-order-0231,2026-08-19T23:48:03Z,33.51,seed-customer-0922,true,google_brand_search
seed-order-0780,2026-08-06T13:48:36Z,33.5,seed-customer-0127,false,meta_retargeting
seed-order-0252,2026-08-10T14:35:08Z,35.91,seed-customer-0305,true,google_brand_search
seed-order-0929,2026-08-17T12:27:09Z,27.33,seed-customer-0120,false,meta_retargeting
seed-order-0292,2026-08-05T00:38:46Z,22.76,seed-customer-0825,false,
seed-order-0082,2026-08-26T08:04:03Z,39.84,seed-customer-0934,true,meta_prospecting
seed-order-0414,2026-08-23T22:48:15Z,25.17,seed-customer-0719,false,meta_retargeting
seed-order-0609,2026-08-11T02:00:20Z,42.43,seed-customer-0987,false,
seed-order-0805,2026-08-14T05:48:21Z,43.25,seed-customer-0155,false,meta_retargeting
seed-order-0521,2026-08-07T05:40:47Z,24.7,seed-customer-0262,false,klaviyo_welcome_flow
seed-order-0327,2026-08-12T09:30:59Z,32.07,seed-customer-0417,false,google_brand_search
seed-order-0622,2026-08-09T15:44:47Z,38.42,seed-customer-0641,false,meta_prospecting
seed-order-1188,2026-08-14T00:00:21Z,29.08,seed-customer-0604,false,
seed-order-0833,2026-08-12T17:41:06Z,35.54,seed-customer-0684,false,meta_prospecting
seed-order-1065,2026-08-06T20:45:50Z,24.37,seed-customer-0308,false,meta_prospecting
seed-order-1208,2026-08-12T10:46:21Z,15.13,seed-customer-0813,false,google_brand_search
seed-order-0398,2026-08-19T13:22:54Z,48.16,seed-customer-1008,false,meta_prospecting
seed-order-0143,2026-08-30T03:31:19Z,24.48,seed-customer-0427,true,meta_retargeting
seed-order-0229,2026-08-17T21:44:29Z,34.55,seed-customer-0875,true,
seed-order-0227,2026-08-24T17:47:19Z,36.69,seed-customer-0848,true,meta_prospecting
seed-order-0446,2026-08-14T10:47:41Z,37.49,seed-customer-0336,false,meta_prospecting
seed-order-0333,2026-08-09T02:02:03Z,19.08,seed-customer-0417,false,meta_retargeting
seed-order-0433,2026-08-29T19:58:53Z,24.86,seed-customer-0468,false,meta_prospecting
seed-order-1047,2026-08-24T05:51:01Z,26.74,seed-customer-0899,false,meta_prospecting
seed-order-1116,2026-08-02T19:55:58Z,35.14,seed-customer-0838,false,klaviyo_welcome_flow
seed-order-0057,2026-08-17T13:53:50Z,38.59,seed-customer-0270,true,meta_prospecting
seed-order-0580,2026-08-14T04:41:56Z,39.09,seed-customer-0423,false,meta_prospecting
seed-order-0522,2026-08-22T18:36:46Z,22.98,seed-customer-0065,false,google_brand_search
seed-order-0192,2026-08-05T23:22:06Z,36.21,seed-customer-0547,true,
seed-order-1183,2026-08-01T03:38:17Z,37.23,seed-customer-0793,false,
seed-order-0445,2026-08-26T10:51:34Z,23.48,seed-customer-0454,false,google_brand_search
seed-order-1258,2026-08-21T02:47:09Z,30.56,seed-customer-0979,false,google_brand_search
seed-order-0438,2026-08-20T16:46:02Z,32.44,seed-customer-0455,false,meta_retargeting
seed-order-1168,2026-08-04T12:57:42Z,34.12,seed-customer-0642,false,meta_retargeting
seed-order-0758,2026-08-26T03:33:39Z,30.98,seed-customer-0483,false,meta_prospecting
seed-order-0616,2026-08-27T16:26:13Z,43.87,seed-customer-0846,false,meta_retargeting
seed-order-0197,2026-08-25T12:02:32Z,20.97,seed-customer-0667,true,meta_retargeting
seed-order-0820,2026-08-27T22:13:16Z,42.63,seed-customer-0219,false,google_brand_search
seed-order-0860,2026-08-01T15:28:03Z,24.4,seed-customer-0515,false,
seed-order-0027,2026-08-01T04:56:45Z,25.37,seed-customer-0539,true,meta_retargeting
seed-order-0283,2026-08-16T13:50:54Z,21.03,seed-customer-0859,true,
seed-order-0466,2026-08-05T10:30:39Z,31.28,seed-customer-0461,false,meta_prospecting
seed-order-0136,2026-08-15T05:38:12Z,40.51,seed-customer-0779,true,meta_retargeting
seed-order-0230,2026-08-16T07:31:21Z,46.61,seed-customer-0270,true,
seed-order-0480,2026-08-16T17:09:59Z,19.82,seed-customer-0619,false,meta_prospecting
seed-order-0337,2026-08-23T01:04:31Z,40.28,seed-customer-0539,false,meta_prospecting
seed-order-0585,2026-08-03T01:05:17Z,30.76,seed-customer-0329,false,klaviyo_welcome_flow
seed-order-1018,2026-08-18T16:03:58Z,28.23,seed-customer-0450,false,google_brand_search
seed-order-0093,2026-08-22T16:02:31Z,43.38,seed-customer-0499,true,meta_retargeting
seed-order-0288,2026-08-10T09:54:50Z,34.21,seed-customer-0344,false,google_brand_search
seed-order-0464,2026-08-08T06:36:42Z,37.77,seed-customer-0538,false,google_brand_search
seed-order-0348,2026-08-20T16:45:01Z,38.24,seed-customer-0134,false,klaviyo_welcome_flow
seed-order-0405,2026-08-06T22:02:09Z,22.34,seed-customer-0929,false,
seed-order-0701,2026-08-05T19:51:09Z,22.62,seed-customer-0553,false,google_brand_search
seed-order-1090,2026-08-14T04:58:05Z,34.54,seed-customer-0114,false,klaviyo_welcome_flow
seed-order-0878,2026-08-24T15:45:14Z,25.24,seed-customer-0838,false,meta_retargeting
seed-order-0931,2026-08-30T05:07:07Z,22.95,seed-customer-0421,false,meta_prospecting
seed-order-1052,2026-08-03T02:26:51Z,22.96,seed-customer-0909,false,meta_prospecting
seed-order-1219,2026-08-17T13:48:59Z,26.52,seed-customer-0851,false,meta_prospecting
seed-order-0792,2026-08-24T07:05:01Z,48.0,seed-customer-0620,false,meta_prospecting
seed-order-1166,2026-08-26T02:19:40Z,36.64,seed-customer-0559,false,
seed-order-1300,2026-08-28T23:30:42Z,22.28,seed-customer-0561,false,google_brand_search
seed-order-0971,2026-08-05T17:38:04Z,28.12,seed-customer-0244,false,klaviyo_welcome_flow
seed-order-0821,2026-08-16T02:05:55Z,41.49,seed-customer-1004,false,klaviyo_welcome_flow
seed-order-0831,2026-08-29T06:54:46Z,31.68,seed-customer-0518,false,meta_retargeting
seed-order-1250,2026-08-03T04:56:53Z,24.89,seed-customer-0507,false,google_brand_search
seed-order-0543,2026-08-02T06:18:53Z,26.8,seed-customer-0987,false,google_brand_search
seed-order-0709,2026-08-30T20:59:15Z,32.44,seed-customer-0634,false,klaviyo_welcome_flow
seed-order-0851,2026-08-22T08:56:26Z,37.95,seed-customer-0472,false,
seed-order-1051,2026-08-18T07:23:39Z,41.04,seed-customer-0648,false,google_brand_search
seed-order-1252,2026-08-07T02:30:36Z,30.83,seed-customer-0146,false,google_brand_search
seed-order-0138,2026-08-17T15:06:43Z,24.6,seed-customer-0709,true,google_brand_search
seed-order-0729,2026-08-25T18:01:35Z,29.11,seed-customer-0347,false,klaviyo_welcome_flow
seed-order-0702,2026-08-13T08:01:58Z,27.74,seed-customer-0005,false,meta_retargeting
seed-order-0977,2026-08-19T14:07:38Z,32.9,seed-customer-1008,false,meta_prospecting
seed-order-0079,2026-08-30T13:47:47Z,33.52,seed-customer-0328,true,meta_prospecting
seed-order-1234,2026-08-16T01:57:58Z,42.37,seed-customer-0020,false,meta_prospecting
seed-order-0794,2026-08-27T07:32:42Z,44.87,seed-customer-0584,false,meta_retargeting
seed-order-1153,2026-08-13T15:19:24Z,45.18,seed-customer-0785,false,google_brand_search
seed-order-0741,2026-08-12T03:44:29Z,31.25,seed-customer-1003,false,google_brand_search
seed-order-0201,2026-08-20T11:56:31Z,11.6,seed-customer-0124,true,meta_prospecting
seed-order-0084,2026-08-24T02:31:34Z,26.05,seed-customer-0517,true,klaviyo_welcome_flow
seed-order-1030,2026-08-07T12:00:25Z,27.57,seed-customer-0839,false,google_brand_search
seed-order-0655,2026-08-16T17:25:50Z,19.14,seed-customer-0672,false,
seed-order-1299,2026-08-14T17:12:18Z,39.48,seed-customer-0730,false,meta_retargeting
seed-order-0854,2026-08-19T21:33:48Z,40.54,seed-customer-0126,false,
seed-order-0150,2026-08-27T07:55:35Z,19.89,seed-customer-0477,true,klaviyo_welcome_flow
seed-order-0643,2026-08-30T16:43:36Z,38.71,seed-customer-0465,false,meta_prospecting
seed-order-0556,2026-08-05T12:33:26Z,23.4,seed-customer-0333,false,meta_retargeting
seed-order-1143,2026-08-07T23:36:17Z,23.68,seed-customer-0303,false,meta_retargeting
seed-order-0919,2026-08-24T07:49:58Z,32.8,seed-customer-0935,false,meta_retargeting
seed-order-0397,2026-08-14T03:18:38Z,32.84,seed-customer-0530,false,meta_prospecting
seed-order-1160,2026-08-16T03:28:02Z,43.87,seed-customer-0571,false,meta_prospecting
seed-order-0081,2026-08-15T09:36:40Z,53.07,seed-customer-0041,true,meta_retargeting
seed-order-0765,2026-08-23T18:25:32Z,32.56,seed-customer-0908,false,meta_prospecting
seed-order-1041,2026-08-20T02:35:27Z,36.63,seed-customer-0206,false,meta_retargeting
seed-order-0208,2026-08-21T04:00:57Z,26.25,seed-customer-0209,true,
seed-order-0596,2026-08-23T21:37:24Z,29.44,seed-customer-0184,false,meta_prospecting
seed-order-1221,2026-08-04T00:44:50Z,31.16,seed-customer-0948,false,
seed-order-0678,2026-08-28T21:57:48Z,24.54,seed-customer-0831,false,klaviyo_welcome_flow
seed-order-0617,2026-08-10T20:10:35Z,34.12,seed-customer-0683,false,meta_prospecting
seed-order-0845,2026-08-25T05:02:32Z,24.04,seed-customer-0424,false,meta_prospecting
seed-order-0221,2026-08-18T17:26:01Z,8.33,seed-customer-0975,true,meta_prospecting
seed-order-1283,2026-08-27T01:53:23Z,27.79,seed-customer-0365,false,
seed-order-0873,2026-08-17T03:56:56Z,34.46,seed-customer-0445,false,meta_retargeting
seed-order-0504,2026-08-20T17:05:27Z,29.28,seed-customer-0347,false,meta_retargeting
seed-order-0697,2026-08-26T06:24:59Z,30.87,seed-customer-0659,false,google_brand_search
seed-order-0895,2026-08-16T15:27:16Z,15.8,seed-customer-0770,false,meta_prospecting
seed-order-0097,2026-08-10T23:45:25Z,20.2,seed-customer-0144,true,
seed-order-0959,2026-08-08T21:21:10Z,33.71,seed-customer-0511,false,
seed-order-1044,2026-08-28T02:13:33Z,33.11,seed-customer-0913,false,meta_prospecting
seed-order-0326,2026-08-10T19:20:03Z,16.08,seed-customer-0192,false,
seed-order-1114,2026-08-23T13:59:20Z,23.52,seed-customer-0093,false,google_brand_search
seed-order-0928,2026-08-06T22:32:33Z,28.28,seed-customer-0565,false,meta_prospecting
seed-order-0621,2026-08-27T05:58:45Z,37.19,seed-customer-0392,false,google_brand_search
seed-order-0007,2026-08-18T04:52:54Z,32.94,seed-customer-0830,true,klaviyo_welcome_flow
seed-order-0014,2026-08-11T05:08:22Z,35.27,seed-customer-0165,true,
seed-order-0656,2026-08-22T14:18:23Z,29.36,seed-customer-1008,false,google_brand_search
seed-order-0320,2026-08-13T23:12:05Z,30.63,seed-customer-0073,false,
seed-order-0393,2026-08-06T10:52:50Z,26.6,seed-customer-0160,false,
seed-order-0049,2026-08-11T07:01:32Z,30.07,seed-customer-0932,true,google_brand_search
seed-order-0700,2026-08-15T04:08:06Z,43.46,seed-customer-0557,false,google_brand_search
seed-order-0434,2026-08-29T06:50:03Z,25.52,seed-customer-0583,false,meta_prospecting
seed-order-1005,2026-08-01T23:34:15Z,16.6,seed-customer-0934,false,klaviyo_welcome_flow
seed-order-0376,2026-08-06T09:55:19Z,38.59,seed-customer-0298,false,klaviyo_welcome_flow
seed-order-0213,2026-08-21T03:27:43Z,30.62,seed-customer-0599,true,google_brand_search
seed-order-0501,2026-08-20T00:47:23Z,25.6,seed-customer-0548,false,klaviyo_welcome_flow
seed-order-0321,2026-08-03T11:19:28Z,46.56,seed-customer-0362,false,meta_prospecting
seed-order-0046,2026-08-28T07:07:32Z,21.68,seed-customer-0921,true,
seed-order-0473,2026-08-01T06:18:14Z,30.99,seed-customer-0297,false,google_brand_search
seed-order-0218,2026-08-22T21:52:20Z,35.89,seed-customer-0821,true,meta_retargeting
seed-order-0528,2026-08-13T12:23:27Z,21.63,seed-customer-0875,false,klaviyo_welcome_flow
seed-order-0460,2026-08-19T08:27:16Z,25.44,seed-customer-0597,false,
seed-order-0576,2026-08-13T11:11:50Z,22.28,seed-customer-0872,false,meta_prospecting
seed-order-0925,2026-08-17T04:28:36Z,30.4,seed-customer-0762,false,
seed-order-0934,2026-08-01T10:10:41Z,20.64,seed-customer-0014,false,meta_prospecting
seed-order-1039,2026-08-21T04:44:48Z,25.18,seed-customer-0597,false,meta_prospecting
seed-order-0479,2026-08-11T12:09:55Z,49.75,seed-customer-0599,false,meta_prospecting
seed-order-0426,2026-08-19T01:19:03Z,31.19,seed-customer-0029,false,meta_prospecting
seed-order-0892,2026-08-15T17:35:25Z,20.62,seed-customer-0792,false,meta_retargeting
seed-order-1117,2026-08-12T20:29:23Z,26.15,seed-customer-0076,false,google_brand_search
seed-order-0108,2026-08-14T00:52:06Z,29.07,seed-customer-0379,true,meta_prospecting
seed-order-0958,2026-08-10T12:40:55Z,35.9,seed-customer-0834,false,
seed-order-1151,2026-08-16T03:04:16Z,18.8,seed-customer-0020,false,
seed-order-0211,2026-08-19T05:30:45Z,27.84,seed-customer-0213,true,google_brand_search
seed-order-0239,2026-08-29T19:13:15Z,36.65,seed-customer-0362,true,meta_retargeting
seed-order-1277,2026-08-18T21:46:25Z,31.79,seed-customer-0190,false,meta_prospecting
seed-order-0712,2026-08-26T19:25:00Z,35.21,seed-customer-0956,false,google_brand_search
seed-order-0001,2026-08-17T20:26:27Z,35.61,seed-customer-0115,true,meta_retargeting
seed-order-0665,2026-08-17T16:03:47Z,18.51,seed-customer-0432,false,meta_prospecting
seed-order-0183,2026-08-04T02:46:29Z,20.3,seed-customer-0310,true,google_brand_search
seed-order-0008,2026-08-26T22:12:51Z,31.6,seed-customer-0911,true,meta_prospecting
seed-order-0061,2026-08-09T06:51:02Z,33.66,seed-customer-0245,true,meta_retargeting
seed-order-0512,2026-08-16T17:51:28Z,24.84,seed-customer-0007,false,
seed-order-0661,2026-08-03T15:04:21Z,37.32,seed-customer-0784,false,google_brand_search
seed-order-0579,2026-08-26T19:12:31Z,40.57,seed-customer-0981,false,meta_prospecting
seed-order-1013,2026-08-14T14:00:56Z,23.67,seed-customer-0772,false,meta_retargeting
seed-order-1172,2026-08-02T19:53:17Z,18.62,seed-customer-0512,false,klaviyo_welcome_flow
seed-order-0778,2026-08-01T21:07:07Z,42.2,seed-customer-0448,false,meta_retargeting
seed-order-0979,2026-08-01T20:29:44Z,42.81,seed-customer-0801,false,meta_prospecting
seed-order-0790,2026-08-22T14:34:16Z,26.5,seed-customer-0471,false,klaviyo_welcome_flow
seed-order-0865,2026-08-06T02:55:31Z,41.21,seed-customer-0359,false,klaviyo_welcome_flow
seed-order-0222,2026-08-17T10:55:53Z,33.07,seed-customer-0673,true,meta_prospecting
seed-order-0698,2026-08-30T19:26:00Z,23.67,seed-customer-0893,false,klaviyo_welcome_flow
seed-order-0735,2026-08-10T16:55:59Z,34.81,seed-customer-0008,false,meta_retargeting
seed-order-0458,2026-08-29T01:06:16Z,31.66,seed-customer-0937,false,google_brand_search
seed-order-0125,2026-08-18T14:55:58Z,37.15,seed-customer-0216,true,meta_retargeting
seed-order-0768,2026-08-28T14:57:10Z,27.79,seed-customer-0167,false,meta_prospecting
seed-order-0157,2026-08-30T05:10:09Z,28.01,seed-customer-0444,true,meta_retargeting
seed-order-0779,2026-08-28T02:07:53Z,28.41,seed-customer-0090,false,meta_prospecting
seed-order-1181,2026-08-09T13:48:32Z,45.76,seed-customer-0315,false,meta_retargeting
seed-order-0513,2026-08-27T22:03:22Z,47.72,seed-customer-0976,false,meta_prospecting
seed-order-0200,2026-08-17T08:20:17Z,41.91,seed-customer-1001,true,meta_retargeting
seed-order-0494,2026-08-19T04:17:25Z,22.02,seed-customer-0817,false,meta_prospecting
seed-order-1278,2026-08-03T02:43:45Z,33.29,seed-customer-0744,false,google_brand_search
seed-order-0740,2026-08-20T07:42:22Z,33.37,seed-customer-0715,false,meta_retargeting
seed-order-0277,2026-08-14T15:09:11Z,28.51,seed-customer-0366,true,
seed-order-1142,2026-08-16T08:22:19Z,28.38,seed-customer-0892,false,google_brand_search
seed-order-0625,2026-08-07T07:10:20Z,26.88,seed-customer-0381,false,klaviyo_welcome_flow
seed-order-0867,2026-08-16T05:58:26Z,18.56,seed-customer-0181,false,
seed-order-0086,2026-08-18T21:14:21Z,20.03,seed-customer-0416,true,meta_prospecting
seed-order-0525,2026-08-16T07:33:57Z,28.97,seed-customer-0649,false,meta_prospecting
seed-order-1074,2026-08-18T00:35:27Z,49.53,seed-customer-0941,false,klaviyo_welcome_flow
seed-order-1085,2026-08-13T13:59:45Z,27.61,seed-customer-0823,false,google_brand_search
seed-order-0394,2026-08-05T16:21:38Z,23.97,seed-customer-0290,false,meta_prospecting
seed-order-0536,2026-08-08T07:43:17Z,36.0,seed-customer-0050,false,meta_prospecting
seed-order-0181,2026-08-03T11:45:30Z,27.72,seed-customer-0208,true,meta_retargeting
seed-order-1080,2026-08-16T18:01:28Z,28.59,seed-customer-0738,false,
seed-order-0293,2026-08-14T10:12:00Z,29.57,seed-customer-0301,false,
seed-order-0483,2026-08-10T08:08:33Z,35.09,seed-customer-0537,false,
seed-order-0121,2026-08-01T19:24:36Z,45.94,seed-customer-0924,true,klaviyo_welcome_flow
seed-order-0430,2026-08-09T12:10:01Z,38.86,seed-customer-0191,false,meta_prospecting
seed-order-0370,2026-08-01T13:39:48Z,27.61,seed-customer-0760,false,klaviyo_welcome_flow
seed-order-0800,2026-08-28T14:27:44Z,28.9,seed-customer-0290,false,klaviyo_welcome_flow
seed-order-0180,2026-08-05T12:29:37Z,48.33,seed-customer-0636,true,meta_prospecting
seed-order-0282,2026-08-22T05:48:39Z,29.48,seed-customer-0523,true,meta_prospecting
seed-order-0898,2026-08-29T16:27:55Z,29.29,seed-customer-0526,false,meta_prospecting
seed-order-0280,2026-08-26T09:19:41Z,27.21,seed-customer-0331,true,meta_prospecting
seed-order-0637,2026-08-23T04:19:55Z,25.61,seed-customer-0739,false,google_brand_search
seed-order-1202,2026-08-19T17:39:52Z,42.4,seed-customer-0678,false,meta_prospecting
seed-order-1184,2026-08-11T16:54:00Z,36.46,seed-customer-0779,false,meta_retargeting
seed-order-0930,2026-08-21T19:37:29Z,35.58,seed-customer-0599,false,
seed-order-0676,2026-08-28T19:31:31Z,43.83,seed-customer-0194,false,meta_prospecting
seed-order-0262,2026-08-17T19:05:51Z,30.1,seed-customer-0884,true,meta_prospecting
seed-order-1185,2026-08-11T00:38:10Z,36.91,seed-customer-0465,false,
seed-order-0855,2026-08-18T08:26:26Z,33.74,seed-customer-0291,false,meta_retargeting
seed-order-0949,2026-08-09T14:50:38Z,30.22,seed-customer-0499,false,klaviyo_welcome_flow
seed-order-1146,2026-08-25T13:12:59Z,32.07,seed-customer-0360,false,meta_prospecting
seed-order-0667,2026-08-18T16:09:20Z,29.33,seed-customer-0963,false,meta_prospecting
seed-order-0987,2026-08-12T19:15:54Z,40.66,seed-customer-0720,false,meta_prospecting
seed-order-1248,2026-08-02T02:19:02Z,26.19,seed-customer-0328,false,meta_prospecting
seed-order-0188,2026-08-24T17:21:34Z,42.49,seed-customer-0933,true,klaviyo_welcome_flow
seed-order-1254,2026-08-17T01:47:11Z,34.22,seed-customer-0369,false,meta_retargeting
seed-order-0866,2026-08-23T20:12:38Z,45.16,seed-customer-0005,false,meta_retargeting
seed-order-0062,2026-08-08T04:24:05Z,21.29,seed-customer-0789,true,meta_prospecting
seed-order-0035,2026-08-20T05:15:54Z,26.71,seed-customer-0260,true,
seed-order-0012,2026-08-27T09:42:04Z,39.07,seed-customer-0709,true,meta_prospecting
seed-order-1140,2026-08-15T04:26:00Z,34.44,seed-customer-0349,false,meta_retargeting
seed-order-1066,2026-08-27T10:22:41Z,31.11,seed-customer-1003,false,meta_prospecting
seed-order-0367,2026-08-11T04:35:11Z,47.38,seed-customer-0872,false,meta_prospecting
seed-order-0140,2026-08-15T18:06:00Z,33.31,seed-customer-0180,true,meta_retargeting
seed-order-0907,2026-08-23T08:24:49Z,40.73,seed-customer-0007,false,meta_retargeting
seed-order-0748,2026-08-16T20:04:18Z,34.12,seed-customer-0326,false,google_brand_search
seed-order-0028,2026-08-29T06:32:02Z,27.22,seed-customer-0297,true,meta_prospecting
seed-order-0390,2026-08-07T10:03:31Z,27.03,seed-customer-0577,false,
seed-order-0135,2026-08-06T07:37:40Z,26.36,seed-customer-0785,true,
seed-order-0099,2026-08-24T23:40:22Z,31.34,seed-customer-0780,true,
seed-order-0882,2026-08-24T16:47:23Z,22.13,seed-customer-0690,false,meta_prospecting
seed-order-0072,2026-08-04T13:12:45Z,37.91,seed-customer-0882,true,meta_retargeting
seed-order-0161,2026-08-10T23:03:06Z,21.09,seed-customer-0269,true,google_brand_search
seed-order-0927,2026-08-03T16:25:47Z,21.04,seed-customer-0564,false,meta_prospecting
seed-order-1136,2026-08-07T15:46:58Z,26.03,seed-customer-0642,false,klaviyo_welcome_flow
seed-order-0041,2026-08-28T15:57:38Z,31.04,seed-customer-0361,true,meta_prospecting
seed-order-1165,2026-08-12T04:39:22Z,20.6,seed-customer-0577,false,google_brand_search
seed-order-0660,2026-08-15T21:13:50Z,40.57,seed-customer-0717,false,meta_prospecting
seed-order-1145,2026-08-14T19:50:06Z,28.91,seed-customer-0291,false,meta_prospecting
seed-order-0184,2026-08-22T22:34:27Z,29.6,seed-customer-0342,true,meta_prospecting
seed-order-0850,2026-08-10T12:10:24Z,42.47,seed-customer-0891,false,meta_prospecting
seed-order-0561,2026-08-08T22:09:31Z,29.17,seed-customer-0681,false,klaviyo_welcome_flow
seed-order-0155,2026-08-24T07:13:40Z,30.25,seed-customer-0486,true,meta_retargeting
seed-order-0344,2026-08-21T17:59:07Z,40.86,seed-customer-0456,false,
seed-order-1010,2026-08-18T21:28:25Z,28.25,seed-customer-0296,false,meta_prospecting
seed-order-0495,2026-08-02T14:43:59Z,46.01,seed-customer-0742,false,meta_prospecting
seed-order-1174,2026-08-28T07:17:42Z,26.59,seed-customer-0774,false,google_brand_search
seed-order-1028,2026-08-04T21:24:55Z,42.86,seed-customer-0151,false,meta_prospecting
seed-order-0938,2026-08-18T08:31:27Z,40.76,seed-customer-0251,false,google_brand_search
seed-order-0969,2026-08-17T21:57:07Z,33.89,seed-customer-0758,false,klaviyo_welcome_flow
seed-order-0064,2026-08-15T02:56:05Z,22.44,seed-customer-0420,true,meta_prospecting
seed-order-0416,2026-08-22T02:14:46Z,44.66,seed-customer-0542,false,meta_prospecting
seed-order-0039,2026-08-18T06:16:09Z,35.66,seed-customer-0286,true,meta_prospecting
seed-order-0582,2026-08-10T04:03:36Z,32.36,seed-customer-0929,false,meta_prospecting
seed-order-1197,2026-08-20T20:53:34Z,27.25,seed-customer-0729,false,meta_prospecting
seed-order-1007,2026-08-10T15:37:47Z,28.22,seed-customer-0124,false,meta_prospecting
seed-order-0572,2026-08-05T20:29:02Z,44.36,seed-customer-0039,false,
seed-order-1011,2026-08-28T04:27:45Z,29.89,seed-customer-0700,false,
seed-order-0627,2026-08-13T14:18:36Z,33.14,seed-customer-0221,false,google_brand_search
seed-order-0900,2026-08-18T02:30:27Z,48.6,seed-customer-0154,false,meta_prospecting
seed-order-0244,2026-08-18T07:54:10Z,31.06,seed-customer-0039,true,google_brand_search
seed-order-0968,2026-08-15T18:51:00Z,25.26,seed-customer-0757,false,meta_prospecting
seed-order-1046,2026-08-04T08:36:36Z,11.72,seed-customer-0017,false,meta_prospecting
seed-order-0491,2026-08-01T21:10:36Z,37.68,seed-customer-0235,false,meta_prospecting
seed-order-1280,2026-08-19T17:33:25Z,25.29,seed-customer-0327,false,meta_prospecting
seed-order-0059,2026-08-01T15:25:23Z,20.02,seed-customer-0535,true,
seed-order-0112,2026-08-01T21:46:30Z,26.33,seed-customer-0896,true,meta_prospecting
seed-order-0506,2026-08-30T09:47:05Z,18.83,seed-customer-0751,false,meta_prospecting
seed-order-0788,2026-08-12T23:37:04Z,28.01,seed-customer-0613,false,meta_prospecting
seed-order-0662,2026-08-10T14:04:25Z,34.54,seed-customer-0769,false,
seed-order-0117,2026-08-29T03:47:59Z,30.45,seed-customer-0126,true,meta_prospecting
seed-order-0550,2026-08-24T09:30:33Z,32.4,seed-customer-0766,false,meta_retargeting
seed-order-1284,2026-08-14T23:35:06Z,19.89,seed-customer-0581,false,meta_prospecting
seed-order-0577,2026-08-25T18:49:49Z,38.49,seed-customer-0839,false,meta_retargeting
seed-order-0880,2026-08-06T01:20:00Z,38.82,seed-customer-0730,false,meta_prospecting
seed-order-0727,2026-08-27T07:45:45Z,32.05,seed-customer-0848,false,meta_prospecting
seed-order-0610,2026-08-28T07:18:37Z,42.97,seed-customer-0354,false,meta_prospecting
seed-order-0456,2026-08-21T04:50:58Z,20.3,seed-customer-0110,false,
seed-order-0199,2026-08-24T11:19:10Z,47.25,seed-customer-0515,true,google_brand_search
seed-order-0749,2026-08-10T14:24:59Z,24.59,seed-customer-0062,false,meta_prospecting
seed-order-1016,2026-08-18T19:28:32Z,26.09,seed-customer-0718,false,
seed-order-0991,2026-08-24T06:12:49Z,19.73,seed-customer-0095,false,meta_prospecting
seed-order-0387,2026-08-30T22:18:37Z,34.21,seed-customer-0185,false,meta_prospecting
seed-order-0932,2026-08-22T12:38:26Z,34.77,seed-customer-0943,false,
seed-order-0381,2026-08-28T08:11:29Z,29.16,seed-customer-0720,false,google_brand_search
seed-order-0904,2026-08-18T01:20:38Z,32.81,seed-customer-0500,false,klaviyo_welcome_flow
seed-order-0935,2026-08-23T08:41:06Z,35.63,seed-customer-0020,false,meta_prospecting
seed-order-1218,2026-08-05T01:16:58Z,31.62,seed-customer-0534,false,klaviyo_welcome_flow
seed-order-0149,2026-08-18T09:42:17Z,26.5,seed-customer-0352,true,meta_prospecting
seed-order-0352,2026-08-11T20:18:24Z,34.46,seed-customer-0856,false,meta_prospecting
seed-order-0530,2026-08-11T05:05:27Z,38.93,seed-customer-0896,false,
seed-order-0451,2026-08-06T06:52:02Z,36.76,seed-customer-0700,false,meta_retargeting
seed-order-1169,2026-08-30T04:39:37Z,20.63,seed-customer-0567,false,meta_prospecting
seed-order-0942,2026-08-12T15:32:14Z,27.64,seed-customer-0708,false,google_brand_search
seed-order-0812,2026-08-22T18:07:15Z,30.96,seed-customer-0600,false,
seed-order-0888,2026-08-03T09:55:21Z,34.43,seed-customer-0533,false,meta_prospecting
seed-order-0340,2026-08-09T07:39:04Z,40.58,seed-customer-0269,false,google_brand_search
seed-order-0325,2026-08-25T03:23:39Z,27.0,seed-customer-0306,false,
seed-order-0132,2026-08-16T05:17:17Z,26.85,seed-customer-0538,true,klaviyo_welcome_flow
seed-order-0552,2026-08-28T08:41:04Z,34.16,seed-customer-0495,false,
seed-order-0941,2026-08-30T00:36:17Z,19.83,seed-customer-0137,false,meta_prospecting
seed-order-0305,2026-08-15T22:42:23Z,38.81,seed-customer-0024,false,meta_retargeting
seed-order-1233,2026-08-07T19:50:39Z,29.6,seed-customer-0257,false,klaviyo_welcome_flow
seed-order-0258,2026-08-16T11:04:34Z,28.6,seed-customer-0063,true,meta_retargeting
seed-order-0341,2026-08-04T19:47:15Z,40.45,seed-customer-0283,false,
seed-order-1297,2026-08-08T05:04:12Z,28.19,seed-customer-0282,false,meta_prospecting
seed-order-0846,2026-08-11T21:44:27Z,30.75,seed-customer-0578,false,meta_prospecting
seed-order-1078,2026-08-08T01:11:47Z,21.43,seed-customer-0962,false,meta_prospecting
seed-order-1192,2026-08-11T06:05:15Z,20.17,seed-customer-0291,false,meta_prospecting
seed-order-0598,2026-08-15T17:12:27Z,30.67,seed-customer-0764,false,meta_prospecting
seed-order-0569,2026-08-17T05:16:48Z,35.26,seed-customer-0412,false,klaviyo_welcome_flow
seed-order-0502,2026-08-07T06:13:06Z,41.13,seed-customer-0372,false,meta_prospecting
seed-order-0435,2026-08-19T19:07:34Z,42.52,seed-customer-0007,false,meta_retargeting
seed-order-0784,2026-08-02T18:36:56Z,31.9,seed-customer-0369,false,meta_prospecting
seed-order-0058,2026-08-24T02:15:58Z,27.72,seed-customer-0930,true,google_brand_search
seed-order-0634,2026-08-30T03:07:09Z,33.23,seed-customer-0157,false,meta_retargeting
seed-order-1102,2026-08-01T23:43:32Z,31.97,seed-customer-0683,false,klaviyo_welcome_flow
seed-order-0372,2026-08-23T16:40:42Z,34.64,seed-customer-0542,false,
seed-order-1001,2026-08-06T05:57:37Z,35.08,seed-customer-0015,false,meta_retargeting
seed-order-0009,2026-08-26T08:36:18Z,27.54,seed-customer-0310,true,meta_prospecting
seed-order-0555,2026-08-25T01:35:15Z,25.64,seed-customer-0019,false,
seed-order-1064,2026-08-27T21:27:54Z,34.67,seed-customer-0483,false,meta_retargeting
seed-order-0194,2026-08-01T03:18:23Z,20.51,seed-customer-0508,true,
seed-order-0185,2026-08-09T04:20:43Z,23.62,seed-customer-0362,true,google_brand_search
seed-order-0254,2026-08-14T09:04:57Z,29.65,seed-customer-0264,true,google_brand_search
seed-order-0268,2026-08-30T23:18:14Z,27.08,seed-customer-0379,true,meta_prospecting
seed-order-0734,2026-08-08T09:57:45Z,29.25,seed-customer-0075,false,google_brand_search
seed-order-1228,2026-08-27T07:30:46Z,44.92,seed-customer-0859,false,meta_retargeting
seed-order-0754,2026-08-29T02:58:58Z,23.3,seed-customer-0817,false,google_brand_search
seed-order-1265,2026-08-13T22:55:17Z,35.41,seed-customer-0514,false,
seed-order-1053,2026-08-29T07:58:46Z,19.43,seed-customer-0836,false,meta_retargeting
seed-order-1081,2026-08-18T19:52:10Z,44.33,seed-customer-0588,false,klaviyo_welcome_flow
seed-order-0021,2026-08-28T03:37:56Z,25.62,seed-customer-0161,true,google_brand_search
seed-order-0694,2026-08-29T02:47:37Z,29.76,seed-customer-0609,false,meta_prospecting
seed-order-0641,2026-08-14T03:03:01Z,36.48,seed-customer-0532,false,klaviyo_welcome_flow
seed-order-0307,2026-08-01T19:01:15Z,29.17,seed-customer-0165,false,google_brand_search
seed-order-0917,2026-08-29T04:51:57Z,43.81,seed-customer-0224,false,meta_prospecting
seed-order-1167,2026-08-22T13:11:06Z,33.33,seed-customer-0375,false,meta_prospecting
seed-order-0951,2026-08-02T10:53:00Z,13.87,seed-customer-0711,false,meta_prospecting
seed-order-0459,2026-08-29T00:53:51Z,25.87,seed-customer-0646,false,
seed-order-0684,2026-08-18T09:57:42Z,34.77,seed-customer-0841,false,meta_prospecting
seed-order-0342,2026-08-17T11:43:24Z,34.73,seed-customer-0084,false,meta_prospecting
seed-order-0067,2026-08-30T02:51:23Z,36.64,seed-customer-0972,true,klaviyo_welcome_flow
seed-order-0519,2026-08-08T23:37:48Z,29.49,seed-customer-0959,false,
seed-order-0347,2026-08-18T02:56:32Z,29.69,seed-customer-0713,false,meta_prospecting
seed-order-0164,2026-08-30T09:26:50Z,32.01,seed-customer-0323,true,meta_prospecting
seed-order-0742,2026-08-18T13:41:12Z,20.57,seed-customer-0277,false,meta_retargeting
seed-order-1178,2026-08-29T14:21:03Z,33.38,seed-customer-0054,false,meta_retargeting
seed-order-0453,2026-08-01T11:51:27Z,48.9,seed-customer-0754,false,meta_retargeting
seed-order-0013,2026-08-18T17:09:31Z,23.5,seed-customer-0022,true,meta_prospecting
seed-order-0228,2026-08-25T22:39:19Z,37.88,seed-customer-0856,true,meta_prospecting
seed-order-0322,2026-08-22T03:26:27Z,36.74,seed-customer-0151,false,klaviyo_welcome_flow
seed-order-0642,2026-08-12T03:30:38Z,38.07,seed-customer-0833,false,meta_prospecting
seed-order-1298,2026-08-27T06:32:28Z,19.4,seed-customer-0560,false,meta_retargeting
seed-order-0562,2026-08-09T07:43:32Z,29.64,seed-customer-0626,false,klaviyo_welcome_flow
seed-order-0707,2026-08-22T09:48:04Z,29.7,seed-customer-0971,false,meta_retargeting
seed-order-0271,2026-08-27T10:32:52Z,19.53,seed-customer-0555,true,meta_retargeting
seed-order-1186,2026-08-17T18:38:26Z,32.52,seed-customer-0765,false,
seed-order-0328,2026-08-18T12:29:30Z,28.1,seed-customer-0749,false,meta_prospecting
seed-order-0918,2026-08-21T09:05:07Z,23.73,seed-customer-0901,false,
seed-order-1020,2026-08-10T12:10:52Z,38.67,seed-customer-0325,false,meta_retargeting
seed-order-0509,2026-08-11T20:47:08Z,23.78,seed-customer-0700,false,meta_prospecting
seed-order-0236,2026-08-11T03:37:11Z,27.95,seed-customer-1014,true,meta_prospecting
seed-order-0033,2026-08-07T07:54:05Z,25.29,seed-customer-0326,true,meta_retargeting
seed-order-1126,2026-08-06T18:18:52Z,34.45,seed-customer-0098,false,
seed-order-0933,2026-08-04T23:15:38Z,37.9,seed-customer-0282,false,
seed-order-0584,2026-08-01T09:18:16Z,25.62,seed-customer-0698,false,meta_prospecting
seed-order-1148,2026-08-04T07:25:12Z,41.32,seed-customer-0317,false,meta_retargeting
seed-order-1251,2026-08-06T04:40:26Z,36.19,seed-customer-0413,false,
seed-order-0378,2026-08-14T22:00:41Z,28.48,seed-customer-0737,false,meta_prospecting
seed-order-0356,2026-08-21T10:13:37Z,31.68,seed-customer-0133,false,meta_retargeting
seed-order-0654,2026-08-18T07:23:36Z,43.73,seed-customer-0666,false,google_brand_search
seed-order-0897,2026-08-15T08:25:52Z,25.91,seed-customer-0730,false,meta_prospecting
seed-order-1139,2026-08-07T03:15:32Z,29.06,seed-customer-0419,false,
seed-order-0558,2026-08-13T15:34:46Z,19.18,seed-customer-0663,false,
seed-order-0901,2026-08-09T02:31:26Z,43.85,seed-customer-0235,false,
seed-order-1231,2026-08-09T21:48:19Z,18.88,seed-customer-0832,false,klaviyo_welcome_flow
seed-order-0126,2026-08-18T18:22:22Z,10.71,seed-customer-0776,true,klaviyo_welcome_flow
seed-order-0889,2026-08-18T00:54:00Z,26.19,seed-customer-0833,false,klaviyo_welcome_flow
seed-order-0291,2026-08-12T17:43:30Z,24.23,seed-customer-0371,false,meta_prospecting
seed-order-0956,2026-08-16T19:49:20Z,41.59,seed-customer-0426,false,meta_prospecting
seed-order-0304,2026-08-05T06:41:32Z,30.92,seed-customer-0732,false,
seed-order-0756,2026-08-16T10:35:47Z,29.7,seed-customer-0789,false,meta_prospecting
seed-order-1253,2026-08-04T12:10:43Z,29.01,seed-customer-0718,false,google_brand_search
seed-order-1285,2026-08-28T19:34:34Z,22.18,seed-customer-0358,false,google_brand_search
seed-order-1112,2026-08-17T05:46:15Z,34.81,seed-customer-0223,false,meta_retargeting
seed-order-0312,2026-08-27T07:59:00Z,41.79,seed-customer-0475,false,
seed-order-0051,2026-08-12T12:42:12Z,39.52,seed-customer-0561,true,klaviyo_welcome_flow
seed-order-0148,2026-08-14T13:43:31Z,20.61,seed-customer-0688,true,google_brand_search
seed-order-0349,2026-08-23T20:22:51Z,23.91,seed-customer-0412,false,google_brand_search
seed-order-0334,2026-08-28T11:14:34Z,46.95,seed-customer-0684,false,google_brand_search
seed-order-0574,2026-08-28T01:52:20Z,34.33,seed-customer-0214,false,meta_retargeting
seed-order-1003,2026-08-14T16:21:01Z,28.28,seed-customer-0806,false,google_brand_search
seed-order-0680,2026-08-14T12:11:54Z,32.34,seed-customer-0294,false,meta_prospecting
seed-order-0604,2026-08-18T20:13:09Z,24.52,seed-customer-0494,false,meta_prospecting
seed-order-0343,2026-08-03T22:03:04Z,21.16,seed-customer-0468,false,
seed-order-0034,2026-08-23T18:57:11Z,38.09,seed-customer-0405,true,
seed-order-0817,2026-08-24T01:55:43Z,38.94,seed-customer-0440,false,google_brand_search
seed-order-0365,2026-08-05T06:57:46Z,35.5,seed-customer-0978,false,
seed-order-0531,2026-08-16T16:26:54Z,37.26,seed-customer-0146,false,google_brand_search
seed-order-1171,2026-08-29T23:00:57Z,34.89,seed-customer-0217,false,meta_prospecting
seed-order-0383,2026-08-30T15:53:34Z,25.81,seed-customer-0339,false,meta_prospecting
seed-order-0605,2026-08-22T03:59:14Z,34.86,seed-customer-0947,false,
seed-order-0016,2026-08-26T06:40:32Z,37.32,seed-customer-0593,true,klaviyo_welcome_flow
seed-order-0950,2026-08-22T15:29:58Z,24.56,seed-customer-0946,false,google_brand_search
seed-order-0963,2026-08-30T06:33:01Z,20.61,seed-customer-0871,false,meta_retargeting
seed-order-0060,2026-08-02T10:20:53Z,30.63,seed-customer-0771,true,google_brand_search
seed-order-0274,2026-08-14T05:48:36Z,40.02,seed-customer-0863,true,meta_prospecting
seed-order-0683,2026-08-21T06:28:57Z,35.24,seed-customer-0326,false,meta_prospecting
seed-order-0664,2026-08-17T10:37:03Z,32.15,seed-customer-0663,false,klaviyo_welcome_flow
seed-order-0695,2026-08-07T00:45:31Z,32.47,seed-customer-0904,false,meta_retargeting
seed-order-0677,2026-08-12T00:19:09Z,35.33,seed-customer-0661,false,meta_prospecting
seed-order-1077,2026-08-30T10:40:43Z,33.84,seed-customer-0006,false,meta_retargeting
seed-order-1025,2026-08-23T08:02:38Z,27.22,seed-customer-0304,false,
seed-order-0044,2026-08-12T07:49:17Z,27.83,seed-customer-0212,true,meta_retargeting
seed-order-0967,2026-08-14T11:12:09Z,44.6,seed-customer-0038,false,meta_prospecting
seed-order-0717,2026-08-03T04:37:00Z,21.43,seed-customer-0795,false,meta_retargeting
seed-order-1125,2026-08-10T15:02:39Z,33.77,seed-customer-0306,false,meta_prospecting
seed-order-0836,2026-08-14T07:40:15Z,32.7,seed-customer-0466,false,meta_retargeting
seed-order-1257,2026-08-03T19:01:47Z,39.09,seed-customer-0349,false,
seed-order-0212,2026-08-07T16:08:19Z,43.6,seed-customer-0551,true,meta_prospecting
seed-order-1209,2026-08-22T04:02:01Z,47.27,seed-customer-0254,false,google_brand_search
seed-order-0182,2026-08-05T11:23:55Z,24.42,seed-customer-0579,true,meta_prospecting
seed-order-1038,2026-08-01T13:47:21Z,22.34,seed-customer-0122,false,meta_prospecting
seed-order-0303,2026-08-24T08:12:07Z,37.63,seed-customer-0240,false,meta_prospecting
seed-order-1063,2026-08-16T09:05:40Z,34.15,seed-customer-0111,false,klaviyo_welcome_flow
seed-order-0448,2026-08-08T16:13:42Z,43.79,seed-customer-0151,false,meta_retargeting
seed-order-1022,2026-08-29T15:51:00Z,40.68,seed-customer-0019,false,google_brand_search
seed-order-0510,2026-08-21T10:34:49Z,25.65,seed-customer-0866,false,
seed-order-1130,2026-08-25T21:13:26Z,34.63,seed-customer-0939,false,google_brand_search
seed-order-0440,2026-08-18T07:34:24Z,39.02,seed-customer-0199,false,
seed-order-0703,2026-08-23T06:38:17Z,41.83,seed-customer-0034,false,meta_retargeting
seed-order-1088,2026-08-16T16:39:00Z,29.21,seed-customer-0425,false,klaviyo_welcome_flow
seed-order-0250,2026-08-04T17:40:54Z,29.4,seed-customer-0975,true,meta_retargeting
seed-order-0650,2026-08-12T22:54:35Z,32.5,seed-customer-0600,false,meta_prospecting
seed-order-0189,2026-08-15T23:57:18Z,24.16,seed-customer-0286,true,klaviyo_welcome_flow
seed-order-0988,2026-08-12T12:19:53Z,27.85,seed-customer-0472,false,google_brand_search
seed-order-0428,2026-08-21T23:36:27Z,17.99,seed-customer-0282,false,meta_prospecting
seed-order-0663,2026-08-27T11:13:00Z,41.51,seed-customer-0450,false,
seed-order-0560,2026-08-20T04:31:47Z,34.15,seed-customer-0945,false,meta_prospecting
seed-order-1121,2026-08-25T07:57:31Z,36.83,seed-customer-0450,false,google_brand_search
seed-order-1019,2026-08-15T02:52:18Z,39.79,seed-customer-0780,false,meta_prospecting
seed-order-1245,2026-08-30T14:01:13Z,34.05,seed-customer-0712,false,meta_prospecting
seed-order-1026,2026-08-26T21:26:06Z,34.97,seed-customer-0169,false,
seed-order-0408,2026-08-16T20:23:16Z,30.75,seed-customer-0165,false,meta_prospecting
seed-order-1225,2026-08-09T19:18:30Z,36.68,seed-customer-0914,false,klaviyo_welcome_flow
seed-order-0672,2026-08-15T23:26:45Z,44.01,seed-customer-0066,false,
seed-order-0614,2026-08-15T20:18:35Z,39.29,seed-customer-0543,false,meta_prospecting
seed-order-0732,2026-08-22T05:51:20Z,35.64,seed-customer-0399,false,meta_prospecting
seed-order-0966,2026-08-23T16:24:04Z,30.97,seed-customer-0313,false,google_brand_search
seed-order-1058,2026-08-24T05:40:19Z,32.56,seed-customer-0530,false,meta_retargeting
seed-order-0159,2026-08-30T00:49:25Z,27.75,seed-customer-0375,true,meta_prospecting
seed-order-1270,2026-08-29T08:53:27Z,39.85,seed-customer-0184,false,meta_retargeting
seed-order-0861,2026-08-20T13:53:57Z,31.67,seed-customer-0446,false,meta_prospecting
seed-order-0883,2026-08-29T14:03:26Z,23.06,seed-customer-0209,false,meta_prospecting
seed-order-0425,2026-08-07T07:09:38Z,25.1,seed-customer-0068,false,google_brand_search
seed-order-1076,2026-08-04T09:29:18Z,29.26,seed-customer-0554,false,klaviyo_welcome_flow
seed-order-1230,2026-08-04T09:38:03Z,37.27,seed-customer-0748,false,
seed-order-0170,2026-08-03T17:15:07Z,26.0,seed-customer-0386,true,klaviyo_welcome_flow
seed-order-0133,2026-08-09T09:52:08Z,40.17,seed-customer-0993,true,meta_prospecting
seed-order-0019,2026-08-01T15:45:28Z,24.9,seed-customer-0844,true,google_brand_search
seed-order-0316,2026-08-04T07:00:01Z,12.45,seed-customer-0569,false,meta_prospecting
seed-order-1107,2026-08-24T14:58:33Z,33.48,seed-customer-0575,false,klaviyo_welcome_flow
seed-order-0591,2026-08-13T06:31:49Z,38.53,seed-customer-0753,false,meta_retargeting
seed-order-1119,2026-08-26T07:46:55Z,36.51,seed-customer-0025,false,
seed-order-0869,2026-08-06T10:47:21Z,16.81,seed-customer-1008,false,meta_retargeting
seed-order-0910,2026-08-09T02:39:47Z,31.69,seed-customer-0380,false,meta_prospecting
seed-order-0389,2026-08-01T06:01:31Z,46.11,seed-customer-0674,false,klaviyo_welcome_flow
seed-order-0139,2026-08-25T09:48:02Z,48.53,seed-customer-0604,true,meta_retargeting
seed-order-0056,2026-08-21T15:10:40Z,8,seed-customer-0023,true,meta_prospecting
seed-order-0857,2026-08-24T10:21:26Z,25.69,seed-customer-1005,false,klaviyo_welcome_flow
seed-order-0083,2026-08-28T07:44:49Z,30.27,seed-customer-0944,true,
seed-order-0613,2026-08-20T11:45:17Z,24.48,seed-customer-0591,false,google_brand_search
seed-order-0465,2026-08-24T23:19:31Z,40.05,seed-customer-0272,false,meta_prospecting
seed-order-0583,2026-08-01T11:46:15Z,39.79,seed-customer-0321,false,meta_prospecting
seed-order-1023,2026-08-07T18:30:03Z,17.44,seed-customer-0597,false,
seed-order-0674,2026-08-10T16:19:18Z,19.75,seed-customer-0445,false,meta_prospecting
seed-order-1214,2026-08-15T15:31:55Z,27.75,seed-customer-0828,false,meta_retargeting
seed-order-0299,2026-08-25T09:22:11Z,28.74,seed-customer-0595,false,meta_prospecting
seed-order-0607,2026-08-27T09:27:44Z,29.5,seed-customer-0706,false,meta_prospecting
seed-order-0102,2026-08-10T09:13:42Z,33.3,seed-customer-0495,true,meta_retargeting
seed-order-0273,2026-08-05T04:40:52Z,24.84,seed-customer-0448,true,
seed-order-0493,2026-08-03T19:15:29Z,34.79,seed-customer-0304,false,klaviyo_welcome_flow
seed-order-0983,2026-08-24T12:39:10Z,44.18,seed-customer-0960,false,klaviyo_welcome_flow
seed-order-0615,2026-08-29T00:32:23Z,44.72,seed-customer-0374,false,meta_prospecting
seed-order-0685,2026-08-17T13:07:22Z,34.63,seed-customer-0711,false,google_brand_search
seed-order-0551,2026-08-17T11:42:13Z,34.84,seed-customer-0480,false,google_brand_search
seed-order-0948,2026-08-01T12:32:45Z,12.69,seed-customer-0870,false,meta_prospecting
seed-order-0815,2026-08-22T23:22:13Z,27.95,seed-customer-0160,false,
seed-order-0006,2026-08-07T07:09:21Z,33.29,seed-customer-0893,true,google_brand_search
seed-order-1037,2026-08-09T15:15:48Z,35.02,seed-customer-0836,false,meta_prospecting
seed-order-0364,2026-08-18T09:45:02Z,36.6,seed-customer-0036,false,google_brand_search
seed-order-0109,2026-08-28T02:23:30Z,26.86,seed-customer-0844,true,
seed-order-1049,2026-08-18T22:48:13Z,32.5,seed-customer-0906,false,meta_prospecting
seed-order-0540,2026-08-19T07:32:31Z,36.6,seed-customer-0085,false,meta_prospecting
seed-order-0241,2026-08-26T09:04:31Z,37.12,seed-customer-0640,true,meta_retargeting
seed-order-0317,2026-08-25T22:35:17Z,29.11,seed-customer-0066,false,klaviyo_welcome_flow
seed-order-1099,2026-08-28T01:26:26Z,24.99,seed-customer-0468,false,google_brand_search
seed-order-0004,2026-08-30T19:51:24Z,26.61,seed-customer-0534,true,klaviyo_welcome_flow
seed-order-0769,2026-08-01T03:31:26Z,27.15,seed-customer-0053,false,meta_prospecting
seed-order-0029,2026-08-05T18:32:47Z,21.19,seed-customer-0618,true,google_brand_search
seed-order-0442,2026-08-10T10:35:38Z,40.88,seed-customer-0085,false,google_brand_search
seed-order-0985,2026-08-28T11:27:19Z,20.17,seed-customer-0799,false,meta_prospecting
seed-order-0806,2026-08-28T16:58:24Z,36.64,seed-customer-0951,false,klaviyo_welcome_flow
seed-order-0023,2026-08-02T00:39:28Z,30.84,seed-customer-0253,true,klaviyo_welcome_flow
seed-order-0894,2026-08-20T20:35:14Z,27.49,seed-customer-1003,false,meta_prospecting
seed-order-0787,2026-08-02T04:06:39Z,25.39,seed-customer-0107,false,meta_prospecting
seed-order-0775,2026-08-11T02:24:55Z,33.02,seed-customer-0662,false,
seed-order-0996,2026-08-10T06:12:06Z,30.65,seed-customer-0910,false,google_brand_search
seed-order-0673,2026-08-08T13:52:05Z,31.13,seed-customer-0041,false,
seed-order-1296,2026-08-16T04:42:57Z,29.62,seed-customer-0182,false,google_brand_search
seed-order-0994,2026-08-01T21:56:17Z,33.71,seed-customer-0261,false,meta_retargeting
seed-order-0074,2026-08-27T00:37:43Z,35.79,seed-customer-0884,true,klaviyo_welcome_flow
seed-order-0793,2026-08-08T23:36:19Z,32.18,seed-customer-0096,false,google_brand_search
seed-order-0113,2026-08-05T21:05:41Z,37.92,seed-customer-0505,true,
seed-order-0190,2026-08-07T22:05:54Z,19.67,seed-customer-0757,true,google_brand_search
seed-order-1190,2026-08-27T05:30:36Z,32.08,seed-customer-0042,false,google_brand_search
seed-order-0384,2026-08-23T01:16:09Z,37.08,seed-customer-0728,false,
seed-order-0745,2026-08-05T14:27:30Z,19.17,seed-customer-0360,false,google_brand_search
seed-order-0875,2026-08-05T04:16:42Z,27.55,seed-customer-0863,false,google_brand_search
seed-order-0924,2026-08-23T13:07:57Z,26.01,seed-customer-0796,false,
seed-order-0830,2026-08-15T16:17:57Z,27.43,seed-customer-0818,false,
seed-order-0733,2026-08-28T03:33:10Z,33.44,seed-customer-0477,false,meta_prospecting
seed-order-1096,2026-08-15T00:28:39Z,40.89,seed-customer-0314,false,meta_retargeting
seed-order-0632,2026-08-18T19:06:25Z,29.03,seed-customer-0690,false,meta_retargeting
seed-order-0331,2026-08-02T18:46:18Z,32.01,seed-customer-0579,false,google_brand_search
seed-order-1100,2026-08-25T18:22:28Z,23.46,seed-customer-0021,false,meta_prospecting
seed-order-0611,2026-08-07T06:31:16Z,27.7,seed-customer-1010,false,klaviyo_welcome_flow
seed-order-0441,2026-08-17T18:49:53Z,25.69,seed-customer-0420,false,google_brand_search
seed-order-0978,2026-08-17T17:42:56Z,30.47,seed-customer-0941,false,google_brand_search
seed-order-0565,2026-08-07T20:09:01Z,25.62,seed-customer-0384,false,
seed-order-0557,2026-08-09T23:43:40Z,27.77,seed-customer-0705,false,meta_prospecting
seed-order-0834,2026-08-20T11:09:18Z,42.47,seed-customer-0825,false,
seed-order-0176,2026-08-09T09:56:25Z,35.36,seed-customer-0999,true,klaviyo_welcome_flow
seed-order-1150,2026-08-18T13:46:12Z,31.86,seed-customer-0025,false,meta_prospecting
seed-order-1267,2026-08-24T20:56:42Z,18.39,seed-customer-0504,false,meta_prospecting
seed-order-0474,2026-08-12T20:44:00Z,14.56,seed-customer-0460,false,klaviyo_welcome_flow
seed-order-0323,2026-08-11T05:01:12Z,31.52,seed-customer-0719,false,klaviyo_welcome_flow
seed-order-0785,2026-08-22T06:35:15Z,36.55,seed-customer-0261,false,
seed-order-1176,2026-08-22T01:11:12Z,32.85,seed-customer-0872,false,google_brand_search
seed-order-0098,2026-08-05T20:15:12Z,42.85,seed-customer-0869,true,klaviyo_welcome_flow
seed-order-0160,2026-08-11T03:55:12Z,28.25,seed-customer-0591,true,meta_prospecting
seed-order-0455,2026-08-24T18:15:46Z,22.09,seed-customer-0239,false,
seed-order-0945,2026-08-22T13:25:15Z,25.47,seed-customer-0752,false,meta_prospecting
seed-order-0630,2026-08-09T09:55:47Z,37.61,seed-customer-0827,false,meta_retargeting
seed-order-0809,2026-08-01T16:16:09Z,34.02,seed-customer-0648,false,google_brand_search
seed-order-0165,2026-08-04T21:26:46Z,27.39,seed-customer-0589,true,google_brand_search
seed-order-0129,2026-08-19T02:31:07Z,33.37,seed-customer-0702,true,google_brand_search
seed-order-0318,2026-08-27T06:04:24Z,35.12,seed-customer-0575,false,meta_prospecting
seed-order-0226,2026-08-22T02:19:34Z,43.37,seed-customer-0017,true,google_brand_search
seed-order-0354,2026-08-20T03:24:41Z,22.76,seed-customer-0282,false,klaviyo_welcome_flow
seed-order-0104,2026-08-05T01:06:06Z,32.43,seed-customer-0102,true,meta_prospecting
seed-order-0153,2026-08-09T00:04:20Z,37.53,seed-customer-0437,true,meta_retargeting
seed-order-0482,2026-08-22T18:03:18Z,33.2,seed-customer-0924,false,meta_prospecting
seed-order-0781,2026-08-07T01:15:24Z,43.48,seed-customer-0238,false,meta_prospecting
seed-order-0198,2026-08-06T12:27:01Z,21.38,seed-customer-0785,true,meta_retargeting
seed-order-0173,2026-08-08T22:25:51Z,31.21,seed-customer-0250,true,meta_prospecting
seed-order-0419,2026-08-14T17:43:47Z,35.07,seed-customer-0028,false,meta_prospecting
seed-order-0829,2026-08-30T23:18:41Z,36.89,seed-customer-0241,false,klaviyo_welcome_flow
seed-order-0943,2026-08-26T11:15:02Z,32.11,seed-customer-0500,false,meta_prospecting
seed-order-1272,2026-08-01T05:44:16Z,16.83,seed-customer-0081,false,klaviyo_welcome_flow
seed-order-0431,2026-08-28T04:09:22Z,26.4,seed-customer-0680,false,klaviyo_welcome_flow
seed-order-0877,2026-08-05T10:05:56Z,23.72,seed-customer-0546,false,meta_prospecting
seed-order-0439,2026-08-08T07:17:15Z,46.88,seed-customer-0445,false,klaviyo_welcome_flow
seed-order-0359,2026-08-28T01:58:43Z,35.13,seed-customer-0789,false,google_brand_search
seed-order-0997,2026-08-08T09:01:35Z,26.63,seed-customer-0817,false,meta_prospecting
seed-order-1170,2026-08-30T13:07:45Z,19.74,seed-customer-0071,false,
seed-order-1032,2026-08-19T18:09:04Z,27.77,seed-customer-0836,false,meta_prospecting
seed-order-0566,2026-08-24T05:52:00Z,29.06,seed-customer-0065,false,meta_prospecting
seed-order-0719,2026-08-01T16:00:20Z,21.82,seed-customer-0033,false,meta_prospecting
seed-order-0819,2026-08-28T14:47:36Z,37.21,seed-customer-0549,false,google_brand_search
seed-order-1264,2026-08-12T13:17:43Z,36.09,seed-customer-0149,false,
seed-order-1094,2026-08-08T03:54:55Z,19.85,seed-customer-0110,false,google_brand_search
seed-order-1215,2026-08-23T09:56:49Z,41.08,seed-customer-0640,false,klaviyo_welcome_flow
seed-order-0962,2026-08-07T00:38:01Z,34.3,seed-customer-0140,false,meta_retargeting
seed-order-0872,2026-08-07T22:19:52Z,31.74,seed-customer-0724,false,meta_prospecting
seed-order-0844,2026-08-21T18:06:00Z,35.04,seed-customer-0199,false,meta_prospecting
seed-order-1268,2026-08-30T13:57:59Z,30.09,seed-customer-0919,false,google_brand_search
seed-order-0870,2026-08-09T02:20:35Z,28.67,seed-customer-0357,false,meta_retargeting
seed-order-0249,2026-08-13T11:36:17Z,40.54,seed-customer-0779,true,meta_retargeting
seed-order-0111,2026-08-06T12:30:14Z,30.16,seed-customer-0617,true,meta_retargeting
seed-order-0575,2026-08-10T09:12:43Z,36.56,seed-customer-0101,false,meta_retargeting
seed-order-0814,2026-08-14T00:28:24Z,20.44,seed-customer-0612,false,meta_prospecting
seed-order-0718,2026-08-13T06:17:25Z,40.73,seed-customer-0927,false,meta_prospecting
seed-order-0837,2026-08-06T05:47:41Z,29.58,seed-customer-0849,false,meta_prospecting
seed-order-0443,2026-08-29T15:35:26Z,33.85,seed-customer-0505,false,meta_prospecting
seed-order-0885,2026-08-26T02:26:32Z,23.98,seed-customer-0641,false,meta_prospecting
seed-order-0690,2026-08-24T06:13:42Z,18.4,seed-customer-0916,false,meta_retargeting
seed-order-0863,2026-08-16T22:44:45Z,32.84,seed-customer-0670,false,
seed-order-1093,2026-08-14T08:16:37Z,32.89,seed-customer-0801,false,meta_prospecting
seed-order-1291,2026-08-10T13:01:05Z,32.23,seed-customer-1001,false,meta_prospecting
seed-order-0158,2026-08-20T22:20:54Z,40.74,seed-customer-0174,true,meta_prospecting
seed-order-0589,2026-08-27T16:34:02Z,39.81,seed-customer-0388,false,google_brand_search
seed-order-1104,2026-08-20T14:13:18Z,22.43,seed-customer-0752,false,meta_prospecting
seed-order-0954,2026-08-22T00:57:08Z,32.56,seed-customer-0222,false,google_brand_search
seed-order-0789,2026-08-01T20:54:44Z,41.32,seed-customer-0516,false,meta_prospecting
seed-order-1144,2026-08-10T12:04:50Z,29.56,seed-customer-0493,false,google_brand_search
seed-order-0065,2026-08-28T03:43:53Z,29.58,seed-customer-0799,true,google_brand_search
seed-order-0279,2026-08-07T21:23:36Z,29.91,seed-customer-0684,true,
seed-order-1235,2026-08-14T03:22:04Z,28.63,seed-customer-0892,false,klaviyo_welcome_flow
seed-order-0592,2026-08-05T23:20:40Z,23.92,seed-customer-0616,false,klaviyo_welcome_flow
seed-order-0080,2026-08-01T00:57:24Z,36.47,seed-customer-0246,true,meta_prospecting
seed-order-0360,2026-08-14T07:04:13Z,35.43,seed-customer-0408,false,meta_prospecting
seed-order-0053,2026-08-01T03:56:44Z,29.37,seed-customer-0913,true,meta_prospecting
seed-order-0447,2026-08-04T16:18:40Z,35.49,seed-customer-0568,false,klaviyo_welcome_flow
seed-order-1147,2026-08-23T04:58:16Z,38.95,seed-customer-0615,false,meta_retargeting
seed-order-0826,2026-08-03T19:33:31Z,21.84,seed-customer-0131,false,meta_prospecting
seed-order-0379,2026-08-21T13:47:10Z,29.81,seed-customer-0980,false,google_brand_search
seed-order-0077,2026-08-22T06:43:26Z,25.13,seed-customer-0364,true,
seed-order-1200,2026-08-23T09:01:00Z,24.14,seed-customer-0907,false,meta_prospecting
seed-order-0225,2026-08-18T23:29:46Z,28.05,seed-customer-0941,true,meta_retargeting
seed-order-1050,2026-08-30T16:39:05Z,44.19,seed-customer-1014,false,meta_prospecting
seed-order-0974,2026-08-17T17:11:01Z,28.65,seed-customer-0270,false,meta_prospecting
seed-order-1131,2026-08-04T09:04:29Z,30.59,seed-customer-0999,false,klaviyo_welcome_flow
seed-order-0270,2026-08-23T16:14:39Z,23.47,seed-customer-0643,true,meta_prospecting
seed-order-1128,2026-08-29T22:01:39Z,40.97,seed-customer-0782,false,klaviyo_welcome_flow
seed-order-0952,2026-08-25T06:58:24Z,20.08,seed-customer-0559,false,klaviyo_welcome_flow
seed-order-1226,2026-08-10T11:18:35Z,33.59,seed-customer-0387,false,google_brand_search
seed-order-0946,2026-08-20T09:51:48Z,18.02,seed-customer-0578,false,klaviyo_welcome_flow
seed-order-0720,2026-08-12T17:22:43Z,37.4,seed-customer-0237,false,
seed-order-1156,2026-08-19T01:23:35Z,38.48,seed-customer-0843,false,meta_prospecting
seed-order-0782,2026-08-03T01:28:07Z,29.49,seed-customer-0385,false,google_brand_search
seed-order-0294,2026-08-04T20:19:45Z,39.58,seed-customer-0972,false,meta_retargeting
seed-order-0191,2026-08-09T08:46:10Z,25.12,seed-customer-0020,true,
seed-order-0876,2026-08-21T07:15:28Z,30.03,seed-customer-0220,false,klaviyo_welcome_flow
seed-order-0940,2026-08-06T04:28:25Z,28.49,seed-customer-0622,false,google_brand_search
seed-order-1127,2026-08-30T14:45:51Z,18.13,seed-customer-0757,false,google_brand_search
seed-order-0248,2026-08-22T19:37:28Z,24.88,seed-customer-0016,true,google_brand_search
seed-order-1273,2026-08-03T22:30:22Z,39.41,seed-customer-0353,false,
seed-order-0246,2026-08-08T12:39:44Z,24.87,seed-customer-0713,true,meta_retargeting
seed-order-1048,2026-08-20T21:11:30Z,29.92,seed-customer-0659,false,google_brand_search
seed-order-0380,2026-08-11T08:25:12Z,28.16,seed-customer-0128,false,meta_retargeting
seed-order-0687,2026-08-11T13:02:03Z,29.06,seed-customer-0760,false,meta_prospecting
seed-order-0037,2026-08-03T06:08:06Z,19.78,seed-customer-0955,true,meta_retargeting
seed-order-1238,2026-08-02T18:34:24Z,37.39,seed-customer-0162,false,
seed-order-1249,2026-08-07T05:18:03Z,15.83,seed-customer-0590,false,meta_retargeting
seed-order-1295,2026-08-28T20:09:03Z,13.88,seed-customer-0967,false,meta_prospecting
seed-order-1060,2026-08-07T10:41:29Z,35.27,seed-customer-0042,false,meta_retargeting
seed-order-0339,2026-08-04T18:01:06Z,25.01,seed-customer-0277,false,google_brand_search
seed-order-0289,2026-08-21T17:47:19Z,38.36,seed-customer-0003,false,meta_prospecting
seed-order-0503,2026-08-25T01:33:17Z,26.63,seed-customer-0925,false,meta_prospecting
seed-order-1159,2026-08-28T08:15:32Z,33.34,seed-customer-0563,false,meta_prospecting
seed-order-0526,2026-08-23T01:28:07Z,28.61,seed-customer-0537,false,meta_prospecting
seed-order-0534,2026-08-16T07:28:00Z,35.65,seed-customer-0477,false,meta_prospecting
seed-order-0737,2026-08-02T13:41:02Z,28.51,seed-customer-0975,false,
seed-order-1097,2026-08-01T14:34:01Z,31.14,seed-customer-0022,false,google_brand_search
seed-order-1213,2026-08-03T06:08:30Z,36.09,seed-customer-0152,false,google_brand_search
seed-order-0791,2026-08-30T20:03:37Z,36.36,seed-customer-0995,false,google_brand_search
seed-order-0849,2026-08-04T04:36:15Z,32.27,seed-customer-0637,false,meta_prospecting
seed-order-0045,2026-08-07T16:03:28Z,35.6,seed-customer-0726,true,google_brand_search
seed-order-0921,2026-08-23T14:23:10Z,24.33,seed-customer-0127,false,meta_prospecting
seed-order-0470,2026-08-18T16:05:17Z,38.61,seed-customer-0971,false,google_brand_search
seed-order-1203,2026-08-29T23:58:59Z,27.74,seed-customer-0809,false,
seed-order-0909,2026-08-23T08:11:06Z,33.47,seed-customer-0193,false,meta_retargeting
seed-order-0204,2026-08-05T00:36:22Z,30.07,seed-customer-0684,true,
seed-order-0624,2026-08-13T19:15:15Z,41.19,seed-customer-0060,false,klaviyo_welcome_flow
seed-order-0015,2026-08-17T08:48:10Z,37.83,seed-customer-0352,true,meta_prospecting
seed-order-0902,2026-08-09T07:29:53Z,36.29,seed-customer-0512,false,
seed-order-1008,2026-08-25T14:17:14Z,30.94,seed-customer-0694,false,meta_prospecting
seed-order-0542,2026-08-26T21:35:31Z,35.37,seed-customer-0130,false,
seed-order-0429,2026-08-03T21:05:30Z,21.86,seed-customer-0446,false,meta_prospecting
seed-order-0432,2026-08-09T15:00:51Z,33.82,seed-customer-0306,false,google_brand_search
seed-order-0163,2026-08-20T15:07:41Z,17.21,seed-customer-0371,true,meta_prospecting
seed-order-0799,2026-08-24T21:46:39Z,36.87,seed-customer-0881,false,
seed-order-0346,2026-08-06T18:10:05Z,20.64,seed-customer-0529,false,meta_retargeting
seed-order-1195,2026-08-06T08:08:38Z,39.67,seed-customer-0448,false,meta_retargeting
seed-order-0533,2026-08-19T12:09:53Z,22.08,seed-customer-0899,false,meta_retargeting
seed-order-0123,2026-08-07T05:14:35Z,22.5,seed-customer-0703,true,
seed-order-0437,2026-08-16T15:06:27Z,33.3,seed-customer-0164,false,
seed-order-0965,2026-08-14T18:02:33Z,36.77,seed-customer-0041,false,klaviyo_welcome_flow
seed-order-0786,2026-08-27T03:41:39Z,32.53,seed-customer-0370,false,meta_retargeting
seed-order-0713,2026-08-28T04:43:18Z,30.79,seed-customer-0799,false,meta_prospecting
seed-order-0691,2026-08-01T08:27:27Z,20.89,seed-customer-0507,false,meta_retargeting
seed-order-0980,2026-08-22T10:12:22Z,26.68,seed-customer-0776,false,meta_prospecting
seed-order-0298,2026-08-13T20:48:19Z,44.87,seed-customer-0294,false,
seed-order-0467,2026-08-29T09:50:38Z,30.38,seed-customer-0909,false,meta_retargeting
seed-order-0970,2026-08-20T07:38:26Z,43.59,seed-customer-0458,false,klaviyo_welcome_flow
seed-order-1255,2026-08-10T23:01:16Z,29.03,seed-customer-0446,false,
seed-order-0571,2026-08-26T15:35:10Z,38.64,seed-customer-0470,false,google_brand_search
seed-order-0115,2026-08-30T18:56:28Z,47.82,seed-customer-0015,true,
seed-order-0146,2026-08-26T04:34:39Z,39.17,seed-customer-0283,true,meta_prospecting
seed-order-0411,2026-08-16T16:04:33Z,36.78,seed-customer-0459,false,
seed-order-0130,2026-08-25T08:18:32Z,24.08,seed-customer-0155,true,google_brand_search
seed-order-1199,2026-08-08T23:03:31Z,15.18,seed-customer-0482,false,meta_prospecting
seed-order-0358,2026-08-13T12:21:49Z,35.45,seed-customer-0541,false,google_brand_search
seed-order-0586,2026-08-30T07:02:05Z,24.85,seed-customer-0542,false,meta_retargeting
seed-order-0961,2026-08-29T07:57:35Z,31.32,seed-customer-0120,false,
seed-order-1294,2026-08-19T22:00:26Z,19.82,seed-customer-0655,false,klaviyo_welcome_flow
seed-order-1004,2026-08-14T09:00:36Z,34.5,seed-customer-0838,false,google_brand_search
seed-order-0862,2026-08-19T23:13:26Z,35.16,seed-customer-0115,false,meta_prospecting
seed-order-0704,2026-08-19T01:49:12Z,27.45,seed-customer-0069,false,meta_prospecting
seed-order-1109,2026-08-05T18:05:04Z,34.84,seed-customer-0199,false,
seed-order-0295,2026-08-01T16:46:23Z,36.53,seed-customer-0435,false,meta_retargeting
seed-order-0922,2026-08-13T21:50:17Z,38.86,seed-customer-0853,false,
seed-order-0391,2026-08-16T18:32:28Z,34.51,seed-customer-0445,false,google_brand_search
seed-order-0802,2026-08-17T10:56:30Z,26.35,seed-customer-1005,false,meta_retargeting
seed-order-0040,2026-08-06T01:52:04Z,25.9,seed-customer-0833,true,meta_retargeting
seed-order-0499,2026-08-20T15:50:28Z,30.92,seed-customer-0627,false,meta_prospecting
seed-order-0087,2026-08-30T14:29:19Z,33.3,seed-customer-0767,true,meta_retargeting
seed-order-0823,2026-08-19T01:42:11Z,33.99,seed-customer-0549,false,klaviyo_welcome_flow
seed-order-0601,2026-08-06T20:58:30Z,43.85,seed-customer-0516,false,klaviyo_welcome_flow
seed-order-0263,2026-08-04T21:37:53Z,27.06,seed-customer-0023,true,
seed-order-0362,2026-08-11T13:16:34Z,42.51,seed-customer-0581,false,meta_retargeting
seed-order-0648,2026-08-27T00:47:58Z,31.33,seed-customer-1003,false,google_brand_search
seed-order-1015,2026-08-30T09:12:28Z,36.69,seed-customer-0014,false,google_brand_search
seed-order-1193,2026-08-16T01:00:25Z,19.79,seed-customer-0639,false,meta_prospecting
seed-order-0178,2026-08-11T21:40:45Z,26.19,seed-customer-0580,true,meta_prospecting
seed-order-1196,2026-08-29T07:37:26Z,20.65,seed-customer-0175,false,google_brand_search
seed-order-1157,2026-08-15T17:25:53Z,40.94,seed-customer-0264,false,google_brand_search
seed-order-0760,2026-08-10T12:12:32Z,34.54,seed-customer-0700,false,meta_retargeting
seed-order-1259,2026-08-19T05:00:34Z,24.1,seed-customer-0526,false,meta_prospecting
seed-order-0410,2026-08-25T10:17:33Z,25.96,seed-customer-0957,false,google_brand_search
seed-order-0546,2026-08-07T01:42:21Z,26.31,seed-customer-0445,false,
seed-order-0796,2026-08-30T11:36:36Z,26.27,seed-customer-0247,false,
seed-order-0002,2026-08-17T08:11:14Z,22.24,seed-customer-0684,true,klaviyo_welcome_flow
seed-order-0418,2026-08-20T11:45:49Z,35.96,seed-customer-0995,false,meta_prospecting
seed-order-0412,2026-08-02T21:42:22Z,31.63,seed-customer-0921,false,google_brand_search
seed-order-0714,2026-08-15T13:57:19Z,27.91,seed-customer-0316,false,meta_retargeting
seed-order-0908,2026-08-06T04:33:18Z,39.88,seed-customer-0735,false,klaviyo_welcome_flow
seed-order-0103,2026-08-25T13:00:18Z,38.48,seed-customer-0155,true,google_brand_search
seed-order-0128,2026-08-19T10:49:38Z,39.43,seed-customer-0981,true,google_brand_search
seed-order-0462,2026-08-09T19:50:31Z,22.95,seed-customer-0165,false,google_brand_search
seed-order-0281,2026-08-10T14:43:12Z,15.64,seed-customer-0411,true,meta_prospecting
seed-order-0147,2026-08-21T09:05:59Z,11.8,seed-customer-0424,true,
seed-order-0808,2026-08-20T22:11:46Z,38.06,seed-customer-0740,false,google_brand_search
seed-order-0240,2026-08-12T12:13:48Z,28.65,seed-customer-0307,true,
seed-order-0631,2026-08-06T21:35:45Z,35.81,seed-customer-0515,false,meta_retargeting
seed-order-0498,2026-08-26T01:37:41Z,26.3,seed-customer-0770,false,meta_retargeting
seed-order-0300,2026-08-02T09:18:52Z,45.36,seed-customer-0490,false,
seed-order-0089,2026-08-01T04:44:27Z,29.37,seed-customer-0845,true,
seed-order-1072,2026-08-27T01:53:51Z,35.65,seed-customer-0835,false,meta_retargeting
seed-order-1274,2026-08-09T16:51:07Z,24.49,seed-customer-0076,false,
seed-order-1282,2026-08-19T19:32:14Z,23.9,seed-customer-0202,false,meta_prospecting
seed-order-0171,2026-08-18T21:53:03Z,44.08,seed-customer-0426,true,google_brand_search
seed-order-0975,2026-08-08T18:27:22Z,20.34,seed-customer-0245,false,meta_retargeting
seed-order-1120,2026-08-09T12:10:13Z,19.52,seed-customer-0809,false,klaviyo_welcome_flow
seed-order-0804,2026-08-13T09:26:31Z,29.15,seed-customer-0277,false,google_brand_search
seed-order-0351,2026-08-04T17:42:56Z,23.48,seed-customer-0473,false,klaviyo_welcome_flow
seed-order-0119,2026-08-25T10:48:04Z,29.36,seed-customer-0999,true,
seed-order-0783,2026-08-22T21:50:56Z,34.36,seed-customer-0375,false,
seed-order-0716,2026-08-13T14:13:52Z,37.58,seed-customer-0256,false,meta_prospecting
seed-order-0653,2026-08-23T03:14:30Z,37.05,seed-customer-0146,false,meta_prospecting
seed-order-1232,2026-08-14T18:03:07Z,23.7,seed-customer-0746,false,meta_prospecting
seed-order-0658,2026-08-24T10:55:23Z,13.13,seed-customer-0614,false,meta_retargeting
seed-order-1014,2026-08-22T23:12:26Z,42.5,seed-customer-0667,false,meta_retargeting
seed-order-1059,2026-08-17T17:03:35Z,28.14,seed-customer-0505,false,google_brand_search
seed-order-0177,2026-08-25T07:54:04Z,29.55,seed-customer-0726,true,
seed-order-0825,2026-08-22T03:27:22Z,37.63,seed-customer-0832,false,google_brand_search
seed-order-0644,2026-08-09T23:19:18Z,33.52,seed-customer-0273,false,meta_retargeting
seed-order-0518,2026-08-05T05:08:25Z,10.03,seed-customer-0549,false,meta_prospecting
seed-order-0396,2026-08-29T11:32:28Z,38.16,seed-customer-0225,false,
seed-order-1056,2026-08-04T22:33:51Z,29.76,seed-customer-0414,false,google_brand_search
seed-order-1115,2026-08-07T20:55:34Z,38.88,seed-customer-0222,false,meta_prospecting
seed-order-0478,2026-08-20T15:59:19Z,28.39,seed-customer-0422,false,meta_prospecting
seed-order-0118,2026-08-23T16:56:48Z,17.1,seed-customer-1004,true,meta_retargeting
seed-order-0481,2026-08-03T10:03:25Z,22.33,seed-customer-0214,false,google_brand_search
seed-order-0237,2026-08-15T01:17:50Z,26.79,seed-customer-0691,true,klaviyo_welcome_flow
seed-order-0669,2026-08-09T08:42:12Z,21.39,seed-customer-0234,false,meta_prospecting
seed-order-1141,2026-08-15T13:08:13Z,31.4,seed-customer-0590,false,meta_prospecting
seed-order-0999,2026-08-07T13:14:40Z,20.81,seed-customer-0797,false,
seed-order-0469,2026-08-20T06:27:22Z,20.38,seed-customer-0534,false,meta_prospecting
seed-order-0260,2026-08-18T06:00:05Z,25.31,seed-customer-0580,true,google_brand_search
seed-order-1082,2026-08-24T04:05:22Z,33.59,seed-customer-0160,false,klaviyo_welcome_flow
seed-order-0486,2026-08-05T23:31:11Z,31.51,seed-customer-0047,false,
seed-order-1103,2026-08-14T23:08:06Z,41.82,seed-customer-0065,false,google_brand_search
seed-order-0835,2026-08-10T03:35:09Z,24.17,seed-customer-0241,false,meta_prospecting
seed-order-0549,2026-08-17T14:27:02Z,31.72,seed-customer-0615,false,meta_prospecting
seed-order-0689,2026-08-29T12:13:55Z,33.88,seed-customer-0654,false,meta_prospecting
seed-order-0284,2026-08-20T18:07:22Z,20.32,seed-customer-1000,true,meta_prospecting
seed-order-0216,2026-08-18T23:00:02Z,33.36,seed-customer-0671,true,meta_prospecting
seed-order-1071,2026-08-20T08:07:08Z,24.56,seed-customer-0609,false,meta_prospecting
seed-order-0628,2026-08-05T20:06:44Z,25.13,seed-customer-0566,false,meta_prospecting
seed-order-0311,2026-08-19T09:44:18Z,34.65,seed-customer-0702,false,meta_prospecting
seed-order-1211,2026-08-28T23:42:27Z,29.16,seed-customer-0147,false,meta_retargeting
seed-order-0657,2026-08-15T00:12:18Z,24.92,seed-customer-0331,false,klaviyo_welcome_flow
seed-order-0020,2026-08-20T12:41:23Z,29.68,seed-customer-0385,true,google_brand_search
seed-order-0874,2026-08-01T07:37:39Z,43.69,seed-customer-0687,false,klaviyo_welcome_flow
seed-order-0287,2026-08-30T15:45:37Z,20.17,seed-customer-0521,false,meta_retargeting
seed-order-1275,2026-08-24T03:01:55Z,32.71,seed-customer-0159,false,meta_prospecting
seed-order-0505,2026-08-01T16:28:39Z,33.26,seed-customer-0415,false,meta_retargeting
seed-order-0005,2026-08-18T12:42:36Z,19.22,seed-customer-0514,true,meta_prospecting
seed-order-0386,2026-08-05T14:41:14Z,26.39,seed-customer-0461,false,google_brand_search
seed-order-0272,2026-08-17T07:45:05Z,39.02,seed-customer-0665,true,
seed-order-0751,2026-08-02T16:27:03Z,31.73,seed-customer-0057,false,meta_prospecting
seed-order-0444,2026-08-13T13:30:47Z,32.35,seed-customer-0736,false,meta_retargeting
seed-order-0848,2026-08-07T09:31:38Z,29.64,seed-customer-0426,false,google_brand_search
seed-order-0568,2026-08-21T10:46:10Z,37.34,seed-customer-0467,false,meta_prospecting
seed-order-0723,2026-08-14T06:18:18Z,23.82,seed-customer-0373,false,meta_prospecting
seed-order-0839,2026-08-28T10:45:34Z,49.94,seed-customer-0314,false,google_brand_search
seed-order-0452,2026-08-22T03:27:40Z,20.78,seed-customer-0138,false,google_brand_search
seed-order-0373,2026-08-04T22:53:40Z,38.46,seed-customer-0792,false,
seed-order-0477,2026-08-30T08:42:26Z,37.37,seed-customer-0921,false,klaviyo_welcome_flow
seed-order-0315,2026-08-06T14:14:48Z,44.91,seed-customer-0555,false,meta_prospecting
seed-order-0407,2026-08-23T00:04:52Z,37.13,seed-customer-0319,false,meta_retargeting
seed-order-1155,2026-08-15T19:27:10Z,37.59,seed-customer-0443,false,meta_prospecting
seed-order-0335,2026-08-14T02:36:31Z,31.0,seed-customer-0844,false,meta_prospecting
seed-order-1216,2026-08-25T00:23:54Z,38.74,seed-customer-0910,false,google_brand_search
seed-order-0618,2026-08-27T22:16:07Z,20.26,seed-customer-0648,false,meta_retargeting
seed-order-1129,2026-08-08T11:26:25Z,36.29,seed-customer-0138,false,meta_prospecting
seed-order-0537,2026-08-20T18:53:04Z,27.06,seed-customer-0600,false,meta_prospecting
seed-order-0803,2026-08-12T11:35:39Z,33.37,seed-customer-0115,false,klaviyo_welcome_flow
seed-order-1262,2026-08-29T05:35:56Z,34.39,seed-customer-0377,false,
seed-order-1091,2026-08-24T10:20:15Z,27.95,seed-customer-0180,false,meta_prospecting
seed-order-0886,2026-08-08T05:34:23Z,24.96,seed-customer-0825,false,klaviyo_welcome_flow
seed-order-1089,2026-08-06T23:02:32Z,31.66,seed-customer-0097,false,
seed-order-0217,2026-08-02T17:16:01Z,34.04,seed-customer-0028,true,meta_prospecting
seed-order-1110,2026-08-21T14:27:02Z,25.38,seed-customer-0628,false,meta_retargeting
seed-order-0989,2026-08-30T00:52:14Z,24.64,seed-customer-0632,false,meta_prospecting
seed-order-0203,2026-08-02T03:04:24Z,33.11,seed-customer-0183,true,meta_prospecting
seed-order-0728,2026-08-08T22:36:07Z,27.78,seed-customer-0379,false,
seed-order-0730,2026-08-25T12:49:51Z,32.34,seed-customer-0740,false,meta_retargeting
seed-order-0275,2026-08-30T17:28:07Z,21.48,seed-customer-0698,true,klaviyo_welcome_flow
seed-order-0652,2026-08-23T17:32:05Z,21.59,seed-customer-0645,false,meta_prospecting
seed-order-1177,2026-08-28T15:52:53Z,29.36,seed-customer-0390,false,meta_prospecting
seed-order-0937,2026-08-10T21:51:45Z,21.99,seed-customer-0680,false,
seed-order-1240,2026-08-20T04:23:24Z,41.06,seed-customer-0056,false,meta_prospecting
seed-order-0214,2026-08-27T22:25:17Z,41.14,seed-customer-0876,true,
seed-order-0520,2026-08-17T05:06:03Z,47.25,seed-customer-0977,false,
seed-order-1101,2026-08-06T16:09:23Z,22.56,seed-customer-0463,false,
seed-order-0205,2026-08-04T16:33:41Z,30.71,seed-customer-0476,true,google_brand_search
seed-order-1084,2026-08-23T03:13:01Z,31.03,seed-customer-0979,false,klaviyo_welcome_flow
seed-order-0554,2026-08-04T02:00:22Z,13.97,seed-customer-0433,false,google_brand_search
seed-order-0235,2026-08-10T01:56:20Z,30.98,seed-customer-0587,true,meta_prospecting
seed-order-1152,2026-08-09T12:20:21Z,35.58,seed-customer-0048,false,klaviyo_welcome_flow
seed-order-0424,2026-08-03T05:59:37Z,40.84,seed-customer-0644,false,google_brand_search
seed-order-1276,2026-08-08T08:49:59Z,30.3,seed-customer-0389,false,meta_retargeting
seed-order-0073,2026-08-22T07:15:42Z,25.33,seed-customer-0741,true,google_brand_search
seed-order-0110,2026-08-07T05:33:58Z,43.39,seed-customer-0343,true,meta_prospecting
seed-order-0167,2026-08-22T01:54:21Z,42.18,seed-customer-0947,true,meta_prospecting
seed-order-0461,2026-08-09T20:12:12Z,40.23,seed-customer-0567,false,
seed-order-0450,2026-08-12T04:40:08Z,37.44,seed-customer-0393,false,meta_retargeting
seed-order-0269,2026-08-06T17:22:36Z,27.74,seed-customer-0873,true,meta_prospecting
seed-order-1123,2026-08-16T08:36:13Z,33.15,seed-customer-0677,false,meta_retargeting
seed-order-0972,2026-08-13T01:58:09Z,30.76,seed-customer-0570,false,
seed-order-0242,2026-08-23T22:33:47Z,16.64,seed-customer-0946,true,google_brand_search
seed-order-0265,2026-08-05T04:14:38Z,36.23,seed-customer-0252,true,meta_prospecting
seed-order-0841,2026-08-10T23:22:04Z,33.55,seed-customer-0974,false,klaviyo_welcome_flow
seed-order-0206,2026-08-15T23:48:44Z,31.4,seed-customer-1012,true,meta_prospecting
seed-order-0762,2026-08-04T01:43:48Z,36.67,seed-customer-0262,false,
seed-order-0202,2026-08-16T00:01:18Z,26.73,seed-customer-0700,true,meta_prospecting
seed-order-1191,2026-08-02T13:36:49Z,24.29,seed-customer-0689,false,google_brand_search
seed-order-0767,2026-08-16T08:58:09Z,31.22,seed-customer-0170,false,
seed-order-0417,2026-08-17T21:46:09Z,35.75,seed-customer-0936,false,google_brand_search
seed-order-0798,2026-08-15T21:30:48Z,31.92,seed-customer-0351,false,meta_prospecting
seed-order-0773,2026-08-27T04:05:37Z,27.82,seed-customer-0976,false,google_brand_search
seed-order-0646,2026-08-10T13:48:28Z,28.66,seed-customer-0859,false,google_brand_search
seed-order-0472,2026-08-25T21:36:19Z,30.86,seed-customer-0655,false,
seed-order-0144,2026-08-23T21:38:13Z,23.65,seed-customer-0411,true,meta_prospecting
seed-order-0278,2026-08-19T22:26:24Z,44.72,seed-customer-0061,true,meta_prospecting
seed-order-1068,2026-08-28T08:14:35Z,31.88,seed-customer-0589,false,google_brand_search
seed-order-0666,2026-08-13T02:17:03Z,29.77,seed-customer-0022,false,meta_retargeting
seed-order-0091,2026-08-25T22:46:43Z,26.06,seed-customer-0549,true,
seed-order-0402,2026-08-20T00:52:03Z,25.63,seed-customer-0698,false,google_brand_search
seed-order-0124,2026-08-23T17:50:52Z,34.12,seed-customer-0447,true,meta_retargeting
seed-order-0106,2026-08-30T21:34:54Z,28.27,seed-customer-0579,true,klaviyo_welcome_flow
seed-order-0993,2026-08-01T19:32:45Z,19.42,seed-customer-0295,false,meta_prospecting
seed-order-0828,2026-08-15T12:13:49Z,17.87,seed-customer-0047,false,google_brand_search
seed-order-0003,2026-08-29T12:22:54Z,41.42,seed-customer-0547,true,google_brand_search
seed-order-0054,2026-08-20T02:57:20Z,24.14,seed-customer-0392,true,klaviyo_welcome_flow
seed-order-0409,2026-08-18T21:21:34Z,23.79,seed-customer-0939,false,meta_prospecting
seed-order-0100,2026-08-13T12:30:45Z,36.64,seed-customer-0093,true,meta_prospecting
seed-order-0639,2026-08-01T00:54:00Z,38.26,seed-customer-0267,false,meta_prospecting
seed-order-0030,2026-08-21T16:13:42Z,16.38,seed-customer-0366,true,klaviyo_welcome_flow
seed-order-0101,2026-08-16T01:19:48Z,44.17,seed-customer-0902,true,google_brand_search
seed-order-1271,2026-08-08T13:42:09Z,26.73,seed-customer-0065,false,meta_retargeting
seed-order-0619,2026-08-22T12:08:24Z,25.6,seed-customer-0101,false,meta_retargeting
seed-order-0884,2026-08-02T13:16:29Z,36.05,seed-customer-0628,false,
seed-order-0488,2026-08-17T17:40:39Z,35.05,seed-customer-0448,false,meta_prospecting
seed-order-0915,2026-08-28T07:56:32Z,33.08,seed-customer-0928,false,google_brand_search
seed-order-0626,2026-08-21T20:51:44Z,43.49,seed-customer-0626,false,google_brand_search
seed-order-1134,2026-08-08T20:21:22Z,38.91,seed-customer-0763,false,meta_prospecting
seed-order-1017,2026-08-04T16:13:51Z,26.76,seed-customer-0283,false,google_brand_search
seed-order-0986,2026-08-01T08:40:23Z,24.44,seed-customer-0628,false,google_brand_search
seed-order-1266,2026-08-14T19:02:25Z,20.17,seed-customer-0049,false,klaviyo_welcome_flow
seed-order-0026,2026-08-05T16:13:19Z,39.44,seed-customer-0264,true,google_brand_search
seed-order-0141,2026-08-27T08:02:51Z,26.45,seed-customer-0067,true,
seed-order-1198,2026-08-28T07:13:09Z,35.68,seed-customer-0635,false,google_brand_search
seed-order-0832,2026-08-27T17:22:19Z,30.52,seed-customer-0969,false,meta_retargeting
seed-order-1194,2026-08-15T09:18:35Z,17.12,seed-customer-0719,false,meta_prospecting
seed-order-0193,2026-08-10T07:20:49Z,44.42,seed-customer-0146,true,meta_prospecting
seed-order-0042,2026-08-11T03:32:45Z,31.35,seed-customer-0268,true,
seed-order-0255,2026-08-05T11:31:40Z,33.48,seed-customer-0102,true,meta_prospecting
seed-order-0500,2026-08-26T17:34:48Z,39.07,seed-customer-0165,false,google_brand_search
seed-order-0998,2026-08-13T10:51:09Z,35.14,seed-customer-0107,false,meta_prospecting
seed-order-0810,2026-08-27T17:36:14Z,25.1,seed-customer-0142,false,meta_retargeting
seed-order-0588,2026-08-17T05:36:01Z,39.01,seed-customer-1005,false,meta_retargeting
seed-order-1029,2026-08-10T21:06:13Z,35.53,seed-customer-0706,false,google_brand_search
seed-order-1079,2026-08-20T14:23:14Z,24.47,seed-customer-0103,false,meta_retargeting
seed-order-0570,2026-08-17T19:12:52Z,30.13,seed-customer-0593,false,
seed-order-0154,2026-08-28T18:15:53Z,30.53,seed-customer-0609,true,meta_prospecting
seed-order-0449,2026-08-21T23:45:20Z,29.63,seed-customer-0943,false,klaviyo_welcome_flow
seed-order-1239,2026-08-01T20:34:56Z,30.4,seed-customer-0614,false,
seed-order-1222,2026-08-05T14:42:31Z,34.86,seed-customer-0730,false,meta_retargeting
seed-order-1220,2026-08-17T14:00:39Z,24.8,seed-customer-0431,false,meta_prospecting
seed-order-0497,2026-08-16T20:35:42Z,34.16,seed-customer-0821,false,meta_retargeting
seed-order-0350,2026-08-29T20:28:15Z,32.98,seed-customer-0192,false,
seed-order-1256,2026-08-20T12:45:32Z,20.67,seed-customer-0548,false,meta_retargeting
seed-order-0245,2026-08-11T16:24:43Z,39.38,seed-customer-1011,true,
seed-order-0593,2026-08-05T21:16:52Z,25.64,seed-customer-0523,false,meta_prospecting
seed-order-0195,2026-08-30T11:50:26Z,27.56,seed-customer-0339,true,meta_prospecting
seed-order-0731,2026-08-02T20:18:31Z,26.31,seed-customer-0435,false,meta_retargeting
seed-order-0599,2026-08-23T23:46:45Z,23.99,seed-customer-0065,false,meta_retargeting
seed-order-0715,2026-08-25T22:35:47Z,28.94,seed-customer-0302,false,meta_prospecting
seed-order-0095,2026-08-06T02:28:18Z,26.46,seed-customer-0554,true,
seed-order-0169,2026-08-25T19:48:35Z,38.69,seed-customer-0269,true,meta_prospecting
seed-order-0175,2026-08-04T14:22:48Z,26.37,seed-customer-0218,true,meta_prospecting
seed-order-0209,2026-08-11T17:59:34Z,27.07,seed-customer-0709,true,google_brand_search
seed-order-0415,2026-08-06T01:05:01Z,30.7,seed-customer-0192,false,meta_prospecting
seed-order-0152,2026-08-12T06:48:17Z,24.0,seed-customer-0204,true,meta_retargeting
seed-order-1149,2026-08-10T17:23:05Z,24.5,seed-customer-0655,false,meta_retargeting
seed-order-1201,2026-08-24T17:12:14Z,25.24,seed-customer-0803,false,meta_prospecting
seed-order-0187,2026-08-24T07:10:31Z,40.0,seed-customer-0294,true,
seed-order-0600,2026-08-02T23:39:47Z,25.56,seed-customer-0413,false,klaviyo_welcome_flow
seed-order-1108,2026-08-29T00:55:45Z,37.53,seed-customer-0154,false,meta_prospecting
seed-order-0772,2026-08-02T20:30:11Z,25.08,seed-customer-0399,false,meta_retargeting
seed-order-0324,2026-08-29T00:33:31Z,27.0,seed-customer-0980,false,meta_prospecting
seed-order-0050,2026-08-26T13:06:59Z,26.83,seed-customer-0240,true,meta_retargeting
seed-order-0243,2026-08-28T04:35:02Z,40.03,seed-customer-0284,true,
seed-order-0018,2026-08-03T21:00:25Z,31.14,seed-customer-0387,true,meta_prospecting
seed-order-0257,2026-08-20T20:46:58Z,32.95,seed-customer-0153,true,meta_prospecting
seed-order-0076,2026-08-03T13:44:23Z,36.66,seed-customer-0683,true,klaviyo_welcome_flow
seed-order-0990,2026-08-04T07:41:15Z,27.17,seed-customer-0033,false,meta_prospecting
seed-order-0010,2026-08-23T06:02:02Z,30.52,seed-customer-0756,true,meta_prospecting
seed-order-0022,2026-08-10T06:35:38Z,43.44,seed-customer-0909,true,meta_prospecting
seed-order-0353,2026-08-20T00:44:06Z,32.66,seed-customer-0333,false,meta_retargeting
seed-order-1006,2026-08-07T22:00:03Z,45.96,seed-customer-0984,false,meta_prospecting
seed-order-0038,2026-08-02T10:20:55Z,25.23,seed-customer-0060,true,google_brand_search
seed-order-0636,2026-08-17T10:58:56Z,36.15,seed-customer-0412,false,meta_retargeting
seed-order-0233,2026-08-30T12:56:57Z,36.52,seed-customer-0100,true,meta_retargeting
seed-order-0476,2026-08-11T03:01:47Z,22.6,seed-customer-0889,false,
seed-order-0395,2026-08-13T10:20:12Z,21.82,seed-customer-0126,false,google_brand_search
seed-order-0916,2026-08-15T15:09:39Z,34.29,seed-customer-0392,false,google_brand_search
seed-order-0492,2026-08-24T07:58:35Z,31.86,seed-customer-0039,false,meta_prospecting
seed-order-0675,2026-08-04T08:48:35Z,21.09,seed-customer-0291,false,
seed-order-0879,2026-08-18T10:35:11Z,40.39,seed-customer-0411,false,
seed-order-0738,2026-08-07T01:43:59Z,30.95,seed-customer-0701,false,
seed-order-0843,2026-08-10T12:35:27Z,39.93,seed-customer-0889,false,klaviyo_welcome_flow
seed-order-0261,2026-08-14T02:59:57Z,21.83,seed-customer-0763,true,meta_retargeting
seed-order-0724,2026-08-17T03:31:37Z,38.37,seed-customer-0437,false,klaviyo_welcome_flow
seed-order-1154,2026-08-24T16:15:53Z,38.71,seed-customer-0031,false,google_brand_search
seed-order-1075,2026-08-15T04:12:24Z,42.78,seed-customer-0457,false,google_brand_search
seed-order-0114,2026-08-29T19:38:25Z,20.93,seed-customer-0784,true,meta_prospecting
seed-order-0496,2026-08-10T13:07:09Z,39.95,seed-customer-0808,false,google_brand_search
seed-order-0297,2026-08-30T06:47:55Z,37.32,seed-customer-0928,false,meta_prospecting
seed-order-0134,2026-08-08T12:05:35Z,39.92,seed-customer-0798,true,google_brand_search
seed-order-0301,2026-08-19T18:57:09Z,42.17,seed-customer-0739,false,meta_retargeting
seed-order-0710,2026-08-17T22:55:05Z,26.25,seed-customer-0050,false,klaviyo_welcome_flow
seed-order-0905,2026-08-18T22:03:15Z,31.8,seed-customer-0880,false,google_brand_search
seed-order-1137,2026-08-08T21:43:26Z,31.13,seed-customer-0613,false,meta_prospecting
seed-order-0681,2026-08-17T09:51:32Z,27.28,seed-customer-0022,false,google_brand_search
seed-order-1106,2026-08-27T01:49:54Z,24.89,seed-customer-0890,false,klaviyo_welcome_flow
seed-order-1261,2026-08-28T15:17:55Z,9.85,seed-customer-0546,false,klaviyo_welcome_flow
seed-order-1070,2026-08-22T12:55:17Z,39.71,seed-customer-0268,false,meta_prospecting
seed-order-0633,2026-08-06T23:43:33Z,45.82,seed-customer-0615,false,
seed-order-0514,2026-08-20T03:57:31Z,27.3,seed-customer-0928,false,klaviyo_welcome_flow
seed-order-0976,2026-08-04T03:00:32Z,41.16,seed-customer-0124,false,
seed-order-0939,2026-08-01T13:43:30Z,30.18,seed-customer-0755,false,
seed-order-1288,2026-08-23T20:38:44Z,30.06,seed-customer-0378,false,meta_retargeting
seed-order-1087,2026-08-16T00:25:18Z,28.88,seed-customer-0750,false,meta_prospecting
seed-order-0957,2026-08-05T20:26:52Z,38.16,seed-customer-0295,false,meta_prospecting
seed-order-1035,2026-08-14T05:45:45Z,32.92,seed-customer-0081,false,google_brand_search
seed-order-0871,2026-08-13T21:17:04Z,39.66,seed-customer-0112,false,meta_prospecting
seed-order-0330,2026-08-10T19:25:04Z,20.49,seed-customer-0324,false,klaviyo_welcome_flow
seed-order-0313,2026-08-21T04:58:31Z,32.52,seed-customer-0095,false,google_brand_search
seed-order-1113,2026-08-28T09:59:01Z,30.2,seed-customer-0363,false,klaviyo_welcome_flow
seed-order-0670,2026-08-20T02:26:04Z,28.33,seed-customer-0273,false,google_brand_search
seed-order-0357,2026-08-11T10:43:37Z,38.38,seed-customer-0125,false,meta_retargeting
seed-order-1175,2026-08-14T16:08:34Z,38.77,seed-customer-0281,false,
seed-order-0692,2026-08-29T14:07:46Z,27.56,seed-customer-0159,false,meta_prospecting
seed-order-0755,2026-08-18T03:19:00Z,34.15,seed-customer-0870,false,
seed-order-0247,2026-08-28T04:18:10Z,25.63,seed-customer-0494,true,google_brand_search
seed-order-0764,2026-08-07T20:33:10Z,37.21,seed-customer-0104,false,meta_retargeting
seed-order-0776,2026-08-04T12:09:14Z,38.51,seed-customer-0971,false,klaviyo_welcome_flow
seed-order-0223,2026-08-26T15:02:16Z,30.26,seed-customer-0205,true,klaviyo_welcome_flow
seed-order-0838,2026-08-05T19:48:29Z,22.64,seed-customer-0299,false,google_brand_search
seed-order-0485,2026-08-15T20:56:10Z,30.85,seed-customer-0037,false,
seed-order-1289,2026-08-02T19:54:03Z,26.54,seed-customer-0942,false,meta_retargeting
seed-order-0234,2026-08-04T18:54:16Z,32.7,seed-customer-0607,true,google_brand_search
seed-order-1293,2026-08-15T04:46:21Z,23.74,seed-customer-0254,false,
seed-order-0516,2026-08-13T12:19:40Z,43.28,seed-customer-0172,false,meta_prospecting
seed-order-0092,2026-08-19T00:23:53Z,32.73,seed-customer-0188,true,meta_prospecting
seed-order-0753,2026-08-15T03:48:18Z,24.61,seed-customer-0019,false,meta_prospecting
seed-order-0066,2026-08-11T00:55:08Z,26.33,seed-customer-0613,true,google_brand_search
seed-order-0801,2026-08-02T03:32:06Z,32.31,seed-customer-0003,false,meta_prospecting
seed-order-0366,2026-08-10T05:09:32Z,19.23,seed-customer-0597,false,meta_prospecting
seed-order-0048,2026-08-12T21:06:55Z,25.28,seed-customer-0680,true,klaviyo_welcome_flow
seed-order-0468,2026-08-26T08:24:51Z,30.73,seed-customer-0286,false,
seed-order-0766,2026-08-28T19:54:55Z,22.72,seed-customer-0169,false,meta_retargeting
seed-order-1229,2026-08-25T16:42:50Z,44.46,seed-customer-0765,false,meta_prospecting
seed-order-0422,2026-08-10T10:28:37Z,44.14,seed-customer-0192,false,meta_prospecting
seed-order-0052,2026-08-24T09:10:20Z,31.24,seed-customer-0448,true,klaviyo_welcome_flow
seed-order-0923,2026-08-19T13:44:50Z,38.52,seed-customer-0804,false,meta_retargeting
seed-order-0264,2026-08-04T00:43:11Z,31.88,seed-customer-0128,true,klaviyo_welcome_flow
seed-order-0906,2026-08-21T04:08:19Z,30.45,seed-customer-0102,false,google_brand_search
seed-order-0420,2026-08-04T17:31:48Z,23.61,seed-customer-0210,false,meta_prospecting
seed-order-0852,2026-08-02T22:29:43Z,35.89,seed-customer-0732,false,google_brand_search
seed-order-0581,2026-08-29T00:14:56Z,37.14,seed-customer-0416,false,meta_retargeting
seed-order-0612,2026-08-29T14:07:52Z,25.47,seed-customer-0478,false,google_brand_search
seed-order-0238,2026-08-22T03:05:30Z,37.78,seed-customer-0362,true,meta_retargeting
seed-order-0345,2026-08-23T06:06:32Z,12.68,seed-customer-0512,false,meta_retargeting
seed-order-1279,2026-08-12T09:11:56Z,31.63,seed-customer-0201,false,meta_prospecting
seed-order-0259,2026-08-23T00:35:51Z,18.42,seed-customer-0633,true,
seed-order-0355,2026-08-18T00:48:42Z,30.34,seed-customer-0762,false,meta_retargeting
seed-order-0623,2026-08-21T20:28:08Z,30.5,seed-customer-0537,false,meta_prospecting
seed-order-0696,2026-08-09T13:27:42Z,36.85,seed-customer-0576,false,meta_prospecting
seed-order-0385,2026-08-05T10:06:01Z,29.64,seed-customer-0038,false,meta_prospecting
seed-order-0992,2026-08-26T08:29:17Z,31.45,seed-customer-0771,false,
seed-order-0406,2026-08-03T12:23:05Z,34.39,seed-customer-0038,false,
seed-order-0553,2026-08-27T18:32:33Z,34.35,seed-customer-0779,false,
seed-order-1224,2026-08-05T14:17:37Z,39.23,seed-customer-0350,false,meta_prospecting
seed-order-0770,2026-08-28T14:33:33Z,27.25,seed-customer-0777,false,meta_prospecting
seed-order-0688,2026-08-25T15:28:34Z,20.05,seed-customer-0613,false,google_brand_search
seed-order-0563,2026-08-16T01:31:40Z,35.91,seed-customer-0273,false,meta_retargeting
seed-order-1207,2026-08-17T13:50:56Z,29.68,seed-customer-0985,false,meta_prospecting
seed-order-0475,2026-08-27T13:54:19Z,19.77,seed-customer-0989,false,meta_prospecting
seed-order-0747,2026-08-17T05:36:30Z,28.75,seed-customer-0777,false,meta_prospecting
seed-order-1034,2026-08-16T15:37:36Z,25.08,seed-customer-0202,false,meta_prospecting
seed-order-1247,2026-08-25T18:21:28Z,31.54,seed-customer-0998,false,meta_prospecting
seed-order-0427,2026-08-25T23:01:16Z,40.83,seed-customer-0696,false,google_brand_search
seed-order-0864,2026-08-23T21:12:10Z,27.5,seed-customer-0059,false,google_brand_search
seed-order-0088,2026-08-27T22:24:25Z,33.02,seed-customer-0416,true,meta_prospecting
seed-order-0306,2026-08-14T06:36:01Z,29.28,seed-customer-0730,false,meta_prospecting
seed-order-0094,2026-08-12T06:04:10Z,32.13,seed-customer-0081,true,meta_retargeting
seed-order-1132,2026-08-13T11:05:25Z,20.84,seed-customer-0930,false,
seed-order-1180,2026-08-12T05:18:47Z,29.86,seed-customer-0974,false,
seed-order-0750,2026-08-08T16:21:50Z,39.57,seed-customer-0804,false,meta_prospecting
seed-order-0436,2026-08-06T03:01:58Z,26.4,seed-customer-0246,false,klaviyo_welcome_flow
seed-order-0564,2026-08-08T13:24:47Z,32.1,seed-customer-0766,false,meta_retargeting
seed-order-0635,2026-08-12T16:02:30Z,27.17,seed-customer-0220,false,
seed-order-1042,2026-08-16T15:44:04Z,25.98,seed-customer-0883,false,klaviyo_welcome_flow
seed-order-0544,2026-08-20T00:25:28Z,42.98,seed-customer-0553,false,meta_retargeting
seed-order-0995,2026-08-03T05:46:14Z,42.67,seed-customer-0205,false,meta_prospecting
seed-order-0309,2026-08-26T13:14:22Z,33.54,seed-customer-0326,false,meta_retargeting
seed-order-1287,2026-08-13T17:26:46Z,26.66,seed-customer-0802,false,meta_retargeting
seed-order-0936,2026-08-16T15:47:54Z,25.73,seed-customer-0505,false,meta_prospecting
seed-order-1105,2026-08-17T04:46:33Z,24.83,seed-customer-0359,false,
seed-order-0490,2026-08-26T04:30:30Z,36.23,seed-customer-0829,false,meta_prospecting
seed-order-0286,2026-08-11T19:26:31Z,17.65,seed-customer-0885,true,google_brand_search
seed-order-0548,2026-08-04T07:37:21Z,36.44,seed-customer-0296,false,
seed-order-1290,2026-08-16T04:06:33Z,29.71,seed-customer-0291,false,meta_prospecting
seed-order-0538,2026-08-09T17:09:27Z,33.05,seed-customer-0125,false,meta_prospecting
seed-order-1033,2026-08-10T05:07:38Z,25.88,seed-customer-0577,false,meta_prospecting
seed-order-0338,2026-08-27T08:04:55Z,29.76,seed-customer-0982,false,
seed-order-0567,2026-08-22T21:47:04Z,21.37,seed-customer-0520,false,google_brand_search
seed-order-0232,2026-08-24T11:18:00Z,38.49,seed-customer-0455,true,klaviyo_welcome_flow
seed-order-0827,2026-08-11T07:13:01Z,36.28,seed-customer-0181,false,google_brand_search
seed-order-0953,2026-08-02T18:54:55Z,37.24,seed-customer-0625,false,meta_retargeting
seed-order-0545,2026-08-26T13:09:50Z,27.6,seed-customer-0313,false,meta_retargeting
seed-order-0116,2026-08-25T22:18:47Z,29.73,seed-customer-0816,true,meta_retargeting
seed-order-0668,2026-08-09T23:05:38Z,40.21,seed-customer-1013,false,klaviyo_welcome_flow
seed-order-1062,2026-08-29T07:50:23Z,24.11,seed-customer-0017,false,meta_prospecting
seed-order-1122,2026-08-25T23:08:12Z,44.02,seed-customer-0892,false,google_brand_search
seed-order-0025,2026-08-21T19:26:06Z,28.72,seed-customer-0545,true,meta_prospecting
seed-order-0726,2026-08-22T18:44:27Z,32.9,seed-customer-0550,false,meta_prospecting
seed-order-1189,2026-08-17T03:47:41Z,34.15,seed-customer-0895,false,
seed-order-0597,2026-08-23T21:38:54Z,47.19,seed-customer-0554,false,
seed-order-0982,2026-08-18T19:12:39Z,17.28,seed-customer-0849,false,meta_retargeting
seed-order-0590,2026-08-05T20:06:47Z,34.63,seed-customer-0871,false,meta_retargeting
seed-order-1057,2026-08-12T13:41:58Z,37.09,seed-customer-0330,false,meta_prospecting
seed-order-0382,2026-08-17T07:51:01Z,25.93,seed-customer-0314,false,google_brand_search
seed-order-0752,2026-08-11T04:13:13Z,26.07,seed-customer-0594,false,meta_prospecting
seed-order-0824,2026-08-26T15:04:34Z,37.93,seed-customer-0864,false,
seed-order-1223,2026-08-15T16:04:40Z,32.77,seed-customer-0152,false,meta_prospecting
seed-order-0955,2026-08-24T15:26:06Z,24.53,seed-customer-0543,false,google_brand_search
seed-order-0914,2026-08-05T17:27:37Z,23.9,seed-customer-0864,false,klaviyo_welcome_flow
seed-order-0725,2026-08-07T02:36:52Z,34.46,seed-customer-0333,false,meta_prospecting
seed-order-0761,2026-08-07T11:23:04Z,25.29,seed-customer-0386,false,google_brand_search
seed-order-0640,2026-08-22T18:08:14Z,34.56,seed-customer-0596,false,google_brand_search
seed-order-1086,2026-08-01T12:16:32Z,42.41,seed-customer-0666,false,meta_prospecting
seed-order-0527,2026-08-22T21:25:33Z,24.68,seed-customer-0550,false,
seed-order-0816,2026-08-28T13:46:36Z,31.88,seed-customer-0919,false,meta_prospecting
seed-order-0210,2026-08-09T22:18:30Z,31.36,seed-customer-0583,true,meta_retargeting
seed-order-0215,2026-08-21T09:27:00Z,24.18,seed-customer-0719,true,
seed-order-0699,2026-08-09T23:25:17Z,39.22,seed-customer-0981,false,meta_retargeting
seed-order-0647,2026-08-05T05:41:37Z,30.05,seed-customer-0913,false,meta_retargeting
seed-order-1182,2026-08-15T11:44:36Z,35.34,seed-customer-0436,false,meta_prospecting
seed-order-0388,2026-08-01T00:39:21Z,27.36,seed-customer-0114,false,meta_retargeting
seed-order-0172,2026-08-13T22:39:05Z,19.49,seed-customer-0845,true,meta_prospecting
seed-order-0463,2026-08-07T09:06:02Z,36.94,seed-customer-0486,false,meta_prospecting
seed-order-0251,2026-08-08T20:35:28Z,47.08,seed-customer-0551,true,meta_prospecting
seed-order-0649,2026-08-08T21:04:10Z,24.42,seed-customer-0075,false,
seed-order-0196,2026-08-20T07:21:52Z,24.88,seed-customer-0479,true,meta_prospecting
seed-order-1009,2026-08-28T07:57:42Z,31.58,seed-customer-0056,false,meta_prospecting
seed-order-1111,2026-08-22T14:09:53Z,32.59,seed-customer-0243,false,meta_prospecting
seed-order-0858,2026-08-26T19:09:53Z,33.15,seed-customer-0729,false,meta_retargeting
seed-order-0403,2026-08-14T17:32:56Z,36.5,seed-customer-0165,false,google_brand_search
seed-order-0911,2026-08-28T02:10:08Z,14.2,seed-customer-0333,false,meta_retargeting
seed-order-0541,2026-08-25T20:46:19Z,44.16,seed-customer-0256,false,klaviyo_welcome_flow
seed-order-0487,2026-08-07T22:57:54Z,33.15,seed-customer-0316,false,klaviyo_welcome_flow
seed-order-0078,2026-08-26T07:14:57Z,12.47,seed-customer-0861,true,
seed-order-1212,2026-08-02T10:20:55Z,28.33,seed-customer-0459,false,google_brand_search
seed-order-0063,2026-08-07T18:37:59Z,43.34,seed-customer-0443,true,klaviyo_welcome_flow
seed-order-0400,2026-08-11T03:02:49Z,34.41,seed-customer-0148,false,meta_prospecting
seed-order-0523,2026-08-20T02:11:57Z,28.94,seed-customer-0025,false,meta_retargeting
